<?xml version="1.0" encoding="UTF-8"?>
<frame>
  <cameras>
    <camera camera_id="0">
      <photo path="../../../../../githubProjects/ethopianHead/IMG_20161202_154426.jpg">
        <meta>
          <property name="Exif/ApertureValue" value="2"/>
          <property name="Exif/DateTime" value="2016:12:02 15:44:26"/>
          <property name="Exif/DateTimeOriginal" value="2016:12:02 15:44:26"/>
          <property name="Exif/ExposureTime" value="0.0588235294117647"/>
          <property name="Exif/FNumber" value="2"/>
          <property name="Exif/FocalLength" value="4.26"/>
          <property name="Exif/FocalLengthIn35mmFilm" value="25"/>
          <property name="Exif/ISOSpeedRatings" value="2000"/>
          <property name="Exif/Make" value="OnePlus"/>
          <property name="Exif/Model" value="ONEPLUS A3003"/>
          <property name="Exif/ShutterSpeedValue" value="4.058"/>
          <property name="Exif/Software" value="OnePlus3-user 6.0.1 MMB29M 26 dev-keys"/>
          <property name="File/ImageHeight" value="2610"/>
          <property name="File/ImageWidth" value="4640"/>
          <property name="System/FileModifyDate" value="2016:12:02 19:50:05"/>
          <property name="System/FileSize" value="2734972"/>
        </meta>
      </photo>
    </camera>
    <camera camera_id="1">
      <photo path="../../../../../githubProjects/ethopianHead/IMG_20161202_154430.jpg">
        <meta>
          <property name="Exif/ApertureValue" value="2"/>
          <property name="Exif/DateTime" value="2016:12:02 15:44:30"/>
          <property name="Exif/DateTimeOriginal" value="2016:12:02 15:44:30"/>
          <property name="Exif/ExposureTime" value="0.0588235294117647"/>
          <property name="Exif/FNumber" value="2"/>
          <property name="Exif/FocalLength" value="4.26"/>
          <property name="Exif/FocalLengthIn35mmFilm" value="25"/>
          <property name="Exif/ISOSpeedRatings" value="1000"/>
          <property name="Exif/Make" value="OnePlus"/>
          <property name="Exif/Model" value="ONEPLUS A3003"/>
          <property name="Exif/ShutterSpeedValue" value="4.058"/>
          <property name="Exif/Software" value="OnePlus3-user 6.0.1 MMB29M 26 dev-keys"/>
          <property name="File/ImageHeight" value="2610"/>
          <property name="File/ImageWidth" value="4640"/>
          <property name="System/FileModifyDate" value="2016:12:02 19:50:01"/>
          <property name="System/FileSize" value="2090981"/>
        </meta>
      </photo>
    </camera>
    <camera camera_id="2">
      <photo path="../../../../../githubProjects/ethopianHead/IMG_20161202_154432.jpg">
        <meta>
          <property name="Exif/ApertureValue" value="2"/>
          <property name="Exif/DateTime" value="2016:12:02 15:44:32"/>
          <property name="Exif/DateTimeOriginal" value="2016:12:02 15:44:32"/>
          <property name="Exif/ExposureTime" value="0.0588235294117647"/>
          <property name="Exif/FNumber" value="2"/>
          <property name="Exif/FocalLength" value="4.26"/>
          <property name="Exif/FocalLengthIn35mmFilm" value="25"/>
          <property name="Exif/ISOSpeedRatings" value="800"/>
          <property name="Exif/Make" value="OnePlus"/>
          <property name="Exif/Model" value="ONEPLUS A3003"/>
          <property name="Exif/ShutterSpeedValue" value="4.058"/>
          <property name="Exif/Software" value="OnePlus3-user 6.0.1 MMB29M 26 dev-keys"/>
          <property name="File/ImageHeight" value="2610"/>
          <property name="File/ImageWidth" value="4640"/>
          <property name="System/FileModifyDate" value="2016:12:02 19:50:08"/>
          <property name="System/FileSize" value="2217995"/>
        </meta>
      </photo>
    </camera>
    <camera camera_id="3">
      <photo path="../../../../../githubProjects/ethopianHead/IMG_20161202_154435.jpg">
        <meta>
          <property name="Exif/ApertureValue" value="2"/>
          <property name="Exif/DateTime" value="2016:12:02 15:44:35"/>
          <property name="Exif/DateTimeOriginal" value="2016:12:02 15:44:35"/>
          <property name="Exif/ExposureTime" value="0.0588235294117647"/>
          <property name="Exif/FNumber" value="2"/>
          <property name="Exif/FocalLength" value="4.26"/>
          <property name="Exif/FocalLengthIn35mmFilm" value="25"/>
          <property name="Exif/ISOSpeedRatings" value="1250"/>
          <property name="Exif/Make" value="OnePlus"/>
          <property name="Exif/Model" value="ONEPLUS A3003"/>
          <property name="Exif/ShutterSpeedValue" value="4.058"/>
          <property name="Exif/Software" value="OnePlus3-user 6.0.1 MMB29M 26 dev-keys"/>
          <property name="File/ImageHeight" value="2610"/>
          <property name="File/ImageWidth" value="4640"/>
          <property name="System/FileModifyDate" value="2016:12:02 19:49:55"/>
          <property name="System/FileSize" value="1906146"/>
        </meta>
      </photo>
    </camera>
    <camera camera_id="4">
      <photo path="../../../../../githubProjects/ethopianHead/IMG_20161202_154439.jpg">
        <meta>
          <property name="Exif/ApertureValue" value="2"/>
          <property name="Exif/DateTime" value="2016:12:02 15:44:39"/>
          <property name="Exif/DateTimeOriginal" value="2016:12:02 15:44:39"/>
          <property name="Exif/ExposureTime" value="0.0588235294117647"/>
          <property name="Exif/FNumber" value="2"/>
          <property name="Exif/FocalLength" value="4.26"/>
          <property name="Exif/FocalLengthIn35mmFilm" value="25"/>
          <property name="Exif/ISOSpeedRatings" value="1250"/>
          <property name="Exif/Make" value="OnePlus"/>
          <property name="Exif/Model" value="ONEPLUS A3003"/>
          <property name="Exif/ShutterSpeedValue" value="4.058"/>
          <property name="Exif/Software" value="OnePlus3-user 6.0.1 MMB29M 26 dev-keys"/>
          <property name="File/ImageHeight" value="2610"/>
          <property name="File/ImageWidth" value="4640"/>
          <property name="System/FileModifyDate" value="2016:12:02 19:49:59"/>
          <property name="System/FileSize" value="2060514"/>
        </meta>
      </photo>
    </camera>
    <camera camera_id="5">
      <photo path="../../../../../githubProjects/ethopianHead/IMG_20161202_154440.jpg">
        <meta>
          <property name="Exif/ApertureValue" value="2"/>
          <property name="Exif/DateTime" value="2016:12:02 15:44:40"/>
          <property name="Exif/DateTimeOriginal" value="2016:12:02 15:44:40"/>
          <property name="Exif/ExposureTime" value="0.0588235294117647"/>
          <property name="Exif/FNumber" value="2"/>
          <property name="Exif/FocalLength" value="4.26"/>
          <property name="Exif/FocalLengthIn35mmFilm" value="25"/>
          <property name="Exif/ISOSpeedRatings" value="800"/>
          <property name="Exif/Make" value="OnePlus"/>
          <property name="Exif/Model" value="ONEPLUS A3003"/>
          <property name="Exif/ShutterSpeedValue" value="4.058"/>
          <property name="Exif/Software" value="OnePlus3-user 6.0.1 MMB29M 26 dev-keys"/>
          <property name="File/ImageHeight" value="2610"/>
          <property name="File/ImageWidth" value="4640"/>
          <property name="System/FileModifyDate" value="2016:12:02 19:49:46"/>
          <property name="System/FileSize" value="2082432"/>
        </meta>
      </photo>
    </camera>
    <camera camera_id="6">
      <photo path="../../../../../githubProjects/ethopianHead/IMG_20161202_154441.jpg">
        <meta>
          <property name="Exif/ApertureValue" value="2"/>
          <property name="Exif/DateTime" value="2016:12:02 15:44:41"/>
          <property name="Exif/DateTimeOriginal" value="2016:12:02 15:44:41"/>
          <property name="Exif/ExposureTime" value="0.0588235294117647"/>
          <property name="Exif/FNumber" value="2"/>
          <property name="Exif/FocalLength" value="4.26"/>
          <property name="Exif/FocalLengthIn35mmFilm" value="25"/>
          <property name="Exif/ISOSpeedRatings" value="800"/>
          <property name="Exif/Make" value="OnePlus"/>
          <property name="Exif/Model" value="ONEPLUS A3003"/>
          <property name="Exif/ShutterSpeedValue" value="4.058"/>
          <property name="Exif/Software" value="OnePlus3-user 6.0.1 MMB29M 26 dev-keys"/>
          <property name="File/ImageHeight" value="2610"/>
          <property name="File/ImageWidth" value="4640"/>
          <property name="System/FileModifyDate" value="2016:12:02 19:49:44"/>
          <property name="System/FileSize" value="2471335"/>
        </meta>
      </photo>
    </camera>
    <camera camera_id="7">
      <photo path="../../../../../githubProjects/ethopianHead/IMG_20161202_154442.jpg">
        <meta>
          <property name="Exif/ApertureValue" value="2"/>
          <property name="Exif/DateTime" value="2016:12:02 15:44:42"/>
          <property name="Exif/DateTimeOriginal" value="2016:12:02 15:44:42"/>
          <property name="Exif/ExposureTime" value="0.0588235294117647"/>
          <property name="Exif/FNumber" value="2"/>
          <property name="Exif/FocalLength" value="4.26"/>
          <property name="Exif/FocalLengthIn35mmFilm" value="25"/>
          <property name="Exif/ISOSpeedRatings" value="800"/>
          <property name="Exif/Make" value="OnePlus"/>
          <property name="Exif/Model" value="ONEPLUS A3003"/>
          <property name="Exif/ShutterSpeedValue" value="4.058"/>
          <property name="Exif/Software" value="OnePlus3-user 6.0.1 MMB29M 26 dev-keys"/>
          <property name="File/ImageHeight" value="2610"/>
          <property name="File/ImageWidth" value="4640"/>
          <property name="System/FileModifyDate" value="2016:12:02 19:49:42"/>
          <property name="System/FileSize" value="2474240"/>
        </meta>
      </photo>
    </camera>
    <camera camera_id="8">
      <photo path="../../../../../githubProjects/ethopianHead/IMG_20161202_154445.jpg">
        <meta>
          <property name="Exif/ApertureValue" value="2"/>
          <property name="Exif/DateTime" value="2016:12:02 15:44:45"/>
          <property name="Exif/DateTimeOriginal" value="2016:12:02 15:44:45"/>
          <property name="Exif/ExposureTime" value="0.0588235294117647"/>
          <property name="Exif/FNumber" value="2"/>
          <property name="Exif/FocalLength" value="4.26"/>
          <property name="Exif/FocalLengthIn35mmFilm" value="25"/>
          <property name="Exif/ISOSpeedRatings" value="640"/>
          <property name="Exif/Make" value="OnePlus"/>
          <property name="Exif/Model" value="ONEPLUS A3003"/>
          <property name="Exif/ShutterSpeedValue" value="4.058"/>
          <property name="Exif/Software" value="OnePlus3-user 6.0.1 MMB29M 26 dev-keys"/>
          <property name="File/ImageHeight" value="2610"/>
          <property name="File/ImageWidth" value="4640"/>
          <property name="System/FileModifyDate" value="2016:12:02 19:49:47"/>
          <property name="System/FileSize" value="2338010"/>
        </meta>
      </photo>
    </camera>
    <camera camera_id="9">
      <photo path="../../../../../githubProjects/ethopianHead/IMG_20161202_154447.jpg">
        <meta>
          <property name="Exif/ApertureValue" value="2"/>
          <property name="Exif/DateTime" value="2016:12:02 15:44:47"/>
          <property name="Exif/DateTimeOriginal" value="2016:12:02 15:44:47"/>
          <property name="Exif/ExposureTime" value="0.0588235294117647"/>
          <property name="Exif/FNumber" value="2"/>
          <property name="Exif/FocalLength" value="4.26"/>
          <property name="Exif/FocalLengthIn35mmFilm" value="25"/>
          <property name="Exif/ISOSpeedRatings" value="640"/>
          <property name="Exif/Make" value="OnePlus"/>
          <property name="Exif/Model" value="ONEPLUS A3003"/>
          <property name="Exif/ShutterSpeedValue" value="4.058"/>
          <property name="Exif/Software" value="OnePlus3-user 6.0.1 MMB29M 26 dev-keys"/>
          <property name="File/ImageHeight" value="2610"/>
          <property name="File/ImageWidth" value="4640"/>
          <property name="System/FileModifyDate" value="2016:12:02 19:49:49"/>
          <property name="System/FileSize" value="2213051"/>
        </meta>
      </photo>
    </camera>
    <camera camera_id="10">
      <photo path="../../../../../githubProjects/ethopianHead/IMG_20161202_154453.jpg">
        <meta>
          <property name="Exif/ApertureValue" value="2"/>
          <property name="Exif/DateTime" value="2016:12:02 15:44:53"/>
          <property name="Exif/DateTimeOriginal" value="2016:12:02 15:44:53"/>
          <property name="Exif/ExposureTime" value="0.05"/>
          <property name="Exif/FNumber" value="2"/>
          <property name="Exif/FocalLength" value="4.26"/>
          <property name="Exif/FocalLengthIn35mmFilm" value="25"/>
          <property name="Exif/ISOSpeedRatings" value="800"/>
          <property name="Exif/Make" value="OnePlus"/>
          <property name="Exif/Model" value="ONEPLUS A3003"/>
          <property name="Exif/ShutterSpeedValue" value="4.321"/>
          <property name="Exif/Software" value="OnePlus3-user 6.0.1 MMB29M 26 dev-keys"/>
          <property name="File/ImageHeight" value="2610"/>
          <property name="File/ImageWidth" value="4640"/>
          <property name="System/FileModifyDate" value="2016:12:02 19:49:40"/>
          <property name="System/FileSize" value="2325556"/>
        </meta>
      </photo>
    </camera>
    <camera camera_id="11">
      <photo path="../../../../../githubProjects/ethopianHead/IMG_20161202_154455.jpg">
        <meta>
          <property name="Exif/ApertureValue" value="2"/>
          <property name="Exif/DateTime" value="2016:12:02 15:44:55"/>
          <property name="Exif/DateTimeOriginal" value="2016:12:02 15:44:55"/>
          <property name="Exif/ExposureTime" value="0.0588235294117647"/>
          <property name="Exif/FNumber" value="2"/>
          <property name="Exif/FocalLength" value="4.26"/>
          <property name="Exif/FocalLengthIn35mmFilm" value="25"/>
          <property name="Exif/ISOSpeedRatings" value="640"/>
          <property name="Exif/Make" value="OnePlus"/>
          <property name="Exif/Model" value="ONEPLUS A3003"/>
          <property name="Exif/ShutterSpeedValue" value="4.058"/>
          <property name="Exif/Software" value="OnePlus3-user 6.0.1 MMB29M 26 dev-keys"/>
          <property name="File/ImageHeight" value="2610"/>
          <property name="File/ImageWidth" value="4640"/>
          <property name="System/FileModifyDate" value="2016:12:02 19:49:53"/>
          <property name="System/FileSize" value="2358219"/>
        </meta>
      </photo>
    </camera>
    <camera camera_id="12">
      <photo path="../../../../../githubProjects/ethopianHead/IMG_20161202_154457.jpg">
        <meta>
          <property name="Exif/ApertureValue" value="2"/>
          <property name="Exif/DateTime" value="2016:12:02 15:44:57"/>
          <property name="Exif/DateTimeOriginal" value="2016:12:02 15:44:57"/>
          <property name="Exif/ExposureTime" value="0.0588235294117647"/>
          <property name="Exif/FNumber" value="2"/>
          <property name="Exif/FocalLength" value="4.26"/>
          <property name="Exif/FocalLengthIn35mmFilm" value="25"/>
          <property name="Exif/ISOSpeedRatings" value="800"/>
          <property name="Exif/Make" value="OnePlus"/>
          <property name="Exif/Model" value="ONEPLUS A3003"/>
          <property name="Exif/ShutterSpeedValue" value="4.058"/>
          <property name="Exif/Software" value="OnePlus3-user 6.0.1 MMB29M 26 dev-keys"/>
          <property name="File/ImageHeight" value="2610"/>
          <property name="File/ImageWidth" value="4640"/>
          <property name="System/FileModifyDate" value="2016:12:02 19:49:51"/>
          <property name="System/FileSize" value="2502366"/>
        </meta>
      </photo>
    </camera>
    <camera camera_id="13">
      <photo path="../../../../../githubProjects/ethopianHead/IMG_20161202_154502.jpg">
        <meta>
          <property name="Exif/ApertureValue" value="2"/>
          <property name="Exif/DateTime" value="2016:12:02 15:45:02"/>
          <property name="Exif/DateTimeOriginal" value="2016:12:02 15:45:02"/>
          <property name="Exif/ExposureTime" value="0.05"/>
          <property name="Exif/FNumber" value="2"/>
          <property name="Exif/FocalLength" value="4.26"/>
          <property name="Exif/FocalLengthIn35mmFilm" value="25"/>
          <property name="Exif/ISOSpeedRatings" value="640"/>
          <property name="Exif/Make" value="OnePlus"/>
          <property name="Exif/Model" value="ONEPLUS A3003"/>
          <property name="Exif/ShutterSpeedValue" value="4.321"/>
          <property name="Exif/Software" value="OnePlus3-user 6.0.1 MMB29M 26 dev-keys"/>
          <property name="File/ImageHeight" value="4640"/>
          <property name="File/ImageWidth" value="2610"/>
          <property name="System/FileModifyDate" value="2016:12:02 19:49:38"/>
          <property name="System/FileSize" value="2388290"/>
        </meta>
      </photo>
    </camera>
    <camera camera_id="14">
      <photo path="../../../../../githubProjects/ethopianHead/IMG_20161202_154503.jpg">
        <meta>
          <property name="Exif/ApertureValue" value="2"/>
          <property name="Exif/DateTime" value="2016:12:02 15:45:03"/>
          <property name="Exif/DateTimeOriginal" value="2016:12:02 15:45:03"/>
          <property name="Exif/ExposureTime" value="0.0588235294117647"/>
          <property name="Exif/FNumber" value="2"/>
          <property name="Exif/FocalLength" value="4.26"/>
          <property name="Exif/FocalLengthIn35mmFilm" value="25"/>
          <property name="Exif/ISOSpeedRatings" value="640"/>
          <property name="Exif/Make" value="OnePlus"/>
          <property name="Exif/Model" value="ONEPLUS A3003"/>
          <property name="Exif/ShutterSpeedValue" value="4.058"/>
          <property name="Exif/Software" value="OnePlus3-user 6.0.1 MMB29M 26 dev-keys"/>
          <property name="File/ImageHeight" value="4640"/>
          <property name="File/ImageWidth" value="2610"/>
          <property name="System/FileModifyDate" value="2016:12:02 19:49:33"/>
          <property name="System/FileSize" value="2389502"/>
        </meta>
      </photo>
    </camera>
    <camera camera_id="15">
      <photo path="../../../../../githubProjects/ethopianHead/IMG_20161202_154505.jpg">
        <meta>
          <property name="Exif/ApertureValue" value="2"/>
          <property name="Exif/DateTime" value="2016:12:02 15:45:04"/>
          <property name="Exif/DateTimeOriginal" value="2016:12:02 15:45:04"/>
          <property name="Exif/ExposureTime" value="0.05"/>
          <property name="Exif/FNumber" value="2"/>
          <property name="Exif/FocalLength" value="4.26"/>
          <property name="Exif/FocalLengthIn35mmFilm" value="25"/>
          <property name="Exif/ISOSpeedRatings" value="640"/>
          <property name="Exif/Make" value="OnePlus"/>
          <property name="Exif/Model" value="ONEPLUS A3003"/>
          <property name="Exif/ShutterSpeedValue" value="4.321"/>
          <property name="Exif/Software" value="OnePlus3-user 6.0.1 MMB29M 26 dev-keys"/>
          <property name="File/ImageHeight" value="4640"/>
          <property name="File/ImageWidth" value="2610"/>
          <property name="System/FileModifyDate" value="2016:12:02 19:49:34"/>
          <property name="System/FileSize" value="2434910"/>
        </meta>
      </photo>
    </camera>
    <camera camera_id="16">
      <photo path="../../../../../githubProjects/ethopianHead/IMG_20161202_154506.jpg">
        <meta>
          <property name="Exif/ApertureValue" value="2"/>
          <property name="Exif/DateTime" value="2016:12:02 15:45:06"/>
          <property name="Exif/DateTimeOriginal" value="2016:12:02 15:45:06"/>
          <property name="Exif/ExposureTime" value="0.0588235294117647"/>
          <property name="Exif/FNumber" value="2"/>
          <property name="Exif/FocalLength" value="4.26"/>
          <property name="Exif/FocalLengthIn35mmFilm" value="25"/>
          <property name="Exif/ISOSpeedRatings" value="640"/>
          <property name="Exif/Make" value="OnePlus"/>
          <property name="Exif/Model" value="ONEPLUS A3003"/>
          <property name="Exif/ShutterSpeedValue" value="4.058"/>
          <property name="Exif/Software" value="OnePlus3-user 6.0.1 MMB29M 26 dev-keys"/>
          <property name="File/ImageHeight" value="4640"/>
          <property name="File/ImageWidth" value="2610"/>
          <property name="System/FileModifyDate" value="2016:12:02 19:49:36"/>
          <property name="System/FileSize" value="2615177"/>
        </meta>
      </photo>
    </camera>
    <camera camera_id="17">
      <photo path="../../../../../githubProjects/ethopianHead/IMG_20161202_154507.jpg">
        <meta>
          <property name="Exif/ApertureValue" value="2"/>
          <property name="Exif/DateTime" value="2016:12:02 15:45:07"/>
          <property name="Exif/DateTimeOriginal" value="2016:12:02 15:45:07"/>
          <property name="Exif/ExposureTime" value="0.05"/>
          <property name="Exif/FNumber" value="2"/>
          <property name="Exif/FocalLength" value="4.26"/>
          <property name="Exif/FocalLengthIn35mmFilm" value="25"/>
          <property name="Exif/ISOSpeedRatings" value="640"/>
          <property name="Exif/Make" value="OnePlus"/>
          <property name="Exif/Model" value="ONEPLUS A3003"/>
          <property name="Exif/ShutterSpeedValue" value="4.321"/>
          <property name="Exif/Software" value="OnePlus3-user 6.0.1 MMB29M 26 dev-keys"/>
          <property name="File/ImageHeight" value="4640"/>
          <property name="File/ImageWidth" value="2610"/>
          <property name="System/FileModifyDate" value="2016:12:02 19:49:31"/>
          <property name="System/FileSize" value="2457456"/>
        </meta>
      </photo>
    </camera>
    <camera camera_id="18">
      <photo path="../../../../../githubProjects/ethopianHead/IMG_20161202_154508.jpg">
        <meta>
          <property name="Exif/ApertureValue" value="2"/>
          <property name="Exif/DateTime" value="2016:12:02 15:45:07"/>
          <property name="Exif/DateTimeOriginal" value="2016:12:02 15:45:07"/>
          <property name="Exif/ExposureTime" value="0.05"/>
          <property name="Exif/FNumber" value="2"/>
          <property name="Exif/FocalLength" value="4.26"/>
          <property name="Exif/FocalLengthIn35mmFilm" value="25"/>
          <property name="Exif/ISOSpeedRatings" value="640"/>
          <property name="Exif/Make" value="OnePlus"/>
          <property name="Exif/Model" value="ONEPLUS A3003"/>
          <property name="Exif/ShutterSpeedValue" value="4.321"/>
          <property name="Exif/Software" value="OnePlus3-user 6.0.1 MMB29M 26 dev-keys"/>
          <property name="File/ImageHeight" value="4640"/>
          <property name="File/ImageWidth" value="2610"/>
          <property name="System/FileModifyDate" value="2016:12:02 19:49:29"/>
          <property name="System/FileSize" value="2478399"/>
        </meta>
      </photo>
    </camera>
    <camera camera_id="19">
      <photo path="../../../../../githubProjects/ethopianHead/IMG_20161202_154508_1.jpg">
        <meta>
          <property name="Exif/ApertureValue" value="2"/>
          <property name="Exif/DateTime" value="2016:12:02 15:45:07"/>
          <property name="Exif/DateTimeOriginal" value="2016:12:02 15:45:07"/>
          <property name="Exif/ExposureTime" value="0.05"/>
          <property name="Exif/FNumber" value="2"/>
          <property name="Exif/FocalLength" value="4.26"/>
          <property name="Exif/FocalLengthIn35mmFilm" value="25"/>
          <property name="Exif/ISOSpeedRatings" value="640"/>
          <property name="Exif/Make" value="OnePlus"/>
          <property name="Exif/Model" value="ONEPLUS A3003"/>
          <property name="Exif/ShutterSpeedValue" value="4.321"/>
          <property name="Exif/Software" value="OnePlus3-user 6.0.1 MMB29M 26 dev-keys"/>
          <property name="File/ImageHeight" value="4640"/>
          <property name="File/ImageWidth" value="2610"/>
          <property name="System/FileModifyDate" value="2016:12:02 19:50:11"/>
          <property name="System/FileSize" value="2478399"/>
        </meta>
      </photo>
    </camera>
    <camera camera_id="20">
      <photo path="../../../../../githubProjects/ethopianHead/IMG_20161202_154509.jpg">
        <meta>
          <property name="Exif/ApertureValue" value="2"/>
          <property name="Exif/DateTime" value="2016:12:02 15:45:09"/>
          <property name="Exif/DateTimeOriginal" value="2016:12:02 15:45:09"/>
          <property name="Exif/ExposureTime" value="0.05"/>
          <property name="Exif/FNumber" value="2"/>
          <property name="Exif/FocalLength" value="4.26"/>
          <property name="Exif/FocalLengthIn35mmFilm" value="25"/>
          <property name="Exif/ISOSpeedRatings" value="800"/>
          <property name="Exif/Make" value="OnePlus"/>
          <property name="Exif/Model" value="ONEPLUS A3003"/>
          <property name="Exif/ShutterSpeedValue" value="4.321"/>
          <property name="Exif/Software" value="OnePlus3-user 6.0.1 MMB29M 26 dev-keys"/>
          <property name="File/ImageHeight" value="4640"/>
          <property name="File/ImageWidth" value="2610"/>
          <property name="System/FileModifyDate" value="2016:12:02 19:49:27"/>
          <property name="System/FileSize" value="2445069"/>
        </meta>
      </photo>
    </camera>
    <camera camera_id="21">
      <photo path="../../../../../githubProjects/ethopianHead/IMG_20161202_154510.jpg">
        <meta>
          <property name="Exif/ApertureValue" value="2"/>
          <property name="Exif/DateTime" value="2016:12:02 15:45:10"/>
          <property name="Exif/DateTimeOriginal" value="2016:12:02 15:45:10"/>
          <property name="Exif/ExposureTime" value="0.05"/>
          <property name="Exif/FNumber" value="2"/>
          <property name="Exif/FocalLength" value="4.26"/>
          <property name="Exif/FocalLengthIn35mmFilm" value="25"/>
          <property name="Exif/ISOSpeedRatings" value="800"/>
          <property name="Exif/Make" value="OnePlus"/>
          <property name="Exif/Model" value="ONEPLUS A3003"/>
          <property name="Exif/ShutterSpeedValue" value="4.321"/>
          <property name="Exif/Software" value="OnePlus3-user 6.0.1 MMB29M 26 dev-keys"/>
          <property name="File/ImageHeight" value="4640"/>
          <property name="File/ImageWidth" value="2610"/>
          <property name="System/FileModifyDate" value="2016:12:02 19:49:24"/>
          <property name="System/FileSize" value="2428609"/>
        </meta>
      </photo>
    </camera>
    <camera camera_id="22">
      <photo path="../../../../../githubProjects/ethopianHead/IMG_20161202_154511.jpg">
        <meta>
          <property name="Exif/ApertureValue" value="2"/>
          <property name="Exif/DateTime" value="2016:12:02 15:45:11"/>
          <property name="Exif/DateTimeOriginal" value="2016:12:02 15:45:11"/>
          <property name="Exif/ExposureTime" value="0.05"/>
          <property name="Exif/FNumber" value="2"/>
          <property name="Exif/FocalLength" value="4.26"/>
          <property name="Exif/FocalLengthIn35mmFilm" value="25"/>
          <property name="Exif/ISOSpeedRatings" value="800"/>
          <property name="Exif/Make" value="OnePlus"/>
          <property name="Exif/Model" value="ONEPLUS A3003"/>
          <property name="Exif/ShutterSpeedValue" value="4.321"/>
          <property name="Exif/Software" value="OnePlus3-user 6.0.1 MMB29M 26 dev-keys"/>
          <property name="File/ImageHeight" value="4640"/>
          <property name="File/ImageWidth" value="2610"/>
          <property name="System/FileModifyDate" value="2016:12:02 19:49:22"/>
          <property name="System/FileSize" value="2455377"/>
        </meta>
      </photo>
    </camera>
    <camera camera_id="23">
      <photo path="../../../../../githubProjects/ethopianHead/IMG_20161202_154513.jpg">
        <meta>
          <property name="Exif/ApertureValue" value="2"/>
          <property name="Exif/DateTime" value="2016:12:02 15:45:12"/>
          <property name="Exif/DateTimeOriginal" value="2016:12:02 15:45:12"/>
          <property name="Exif/ExposureTime" value="0.0588235294117647"/>
          <property name="Exif/FNumber" value="2"/>
          <property name="Exif/FocalLength" value="4.26"/>
          <property name="Exif/FocalLengthIn35mmFilm" value="25"/>
          <property name="Exif/ISOSpeedRatings" value="640"/>
          <property name="Exif/Make" value="OnePlus"/>
          <property name="Exif/Model" value="ONEPLUS A3003"/>
          <property name="Exif/ShutterSpeedValue" value="4.058"/>
          <property name="Exif/Software" value="OnePlus3-user 6.0.1 MMB29M 26 dev-keys"/>
          <property name="File/ImageHeight" value="4640"/>
          <property name="File/ImageWidth" value="2610"/>
          <property name="System/FileModifyDate" value="2016:12:02 19:49:20"/>
          <property name="System/FileSize" value="2368998"/>
        </meta>
      </photo>
    </camera>
    <camera camera_id="24">
      <photo path="../../../../../githubProjects/ethopianHead/IMG_20161202_154514.jpg">
        <meta>
          <property name="Exif/ApertureValue" value="2"/>
          <property name="Exif/DateTime" value="2016:12:02 15:45:14"/>
          <property name="Exif/DateTimeOriginal" value="2016:12:02 15:45:14"/>
          <property name="Exif/ExposureTime" value="0.05"/>
          <property name="Exif/FNumber" value="2"/>
          <property name="Exif/FocalLength" value="4.26"/>
          <property name="Exif/FocalLengthIn35mmFilm" value="25"/>
          <property name="Exif/ISOSpeedRatings" value="640"/>
          <property name="Exif/Make" value="OnePlus"/>
          <property name="Exif/Model" value="ONEPLUS A3003"/>
          <property name="Exif/ShutterSpeedValue" value="4.321"/>
          <property name="Exif/Software" value="OnePlus3-user 6.0.1 MMB29M 26 dev-keys"/>
          <property name="File/ImageHeight" value="4640"/>
          <property name="File/ImageWidth" value="2610"/>
          <property name="System/FileModifyDate" value="2016:12:02 19:49:13"/>
          <property name="System/FileSize" value="2383333"/>
        </meta>
      </photo>
    </camera>
    <camera camera_id="25">
      <photo path="../../../../../githubProjects/ethopianHead/IMG_20161202_154516.jpg">
        <meta>
          <property name="Exif/ApertureValue" value="2"/>
          <property name="Exif/DateTime" value="2016:12:02 15:45:16"/>
          <property name="Exif/DateTimeOriginal" value="2016:12:02 15:45:16"/>
          <property name="Exif/ExposureTime" value="0.05"/>
          <property name="Exif/FNumber" value="2"/>
          <property name="Exif/FocalLength" value="4.26"/>
          <property name="Exif/FocalLengthIn35mmFilm" value="25"/>
          <property name="Exif/ISOSpeedRatings" value="640"/>
          <property name="Exif/Make" value="OnePlus"/>
          <property name="Exif/Model" value="ONEPLUS A3003"/>
          <property name="Exif/ShutterSpeedValue" value="4.321"/>
          <property name="Exif/Software" value="OnePlus3-user 6.0.1 MMB29M 26 dev-keys"/>
          <property name="File/ImageHeight" value="4640"/>
          <property name="File/ImageWidth" value="2610"/>
          <property name="System/FileModifyDate" value="2016:12:02 19:49:16"/>
          <property name="System/FileSize" value="2340205"/>
        </meta>
      </photo>
    </camera>
    <camera camera_id="26">
      <photo path="../../../../../githubProjects/ethopianHead/IMG_20161202_154517.jpg">
        <meta>
          <property name="Exif/ApertureValue" value="2"/>
          <property name="Exif/DateTime" value="2016:12:02 15:45:17"/>
          <property name="Exif/DateTimeOriginal" value="2016:12:02 15:45:17"/>
          <property name="Exif/ExposureTime" value="0.05"/>
          <property name="Exif/FNumber" value="2"/>
          <property name="Exif/FocalLength" value="4.26"/>
          <property name="Exif/FocalLengthIn35mmFilm" value="25"/>
          <property name="Exif/ISOSpeedRatings" value="640"/>
          <property name="Exif/Make" value="OnePlus"/>
          <property name="Exif/Model" value="ONEPLUS A3003"/>
          <property name="Exif/ShutterSpeedValue" value="4.321"/>
          <property name="Exif/Software" value="OnePlus3-user 6.0.1 MMB29M 26 dev-keys"/>
          <property name="File/ImageHeight" value="4640"/>
          <property name="File/ImageWidth" value="2610"/>
          <property name="System/FileModifyDate" value="2016:12:02 19:49:18"/>
          <property name="System/FileSize" value="2342429"/>
        </meta>
      </photo>
    </camera>
    <camera camera_id="27">
      <photo path="../../../../../githubProjects/ethopianHead/IMG_20161202_154521.jpg">
        <meta>
          <property name="Exif/ApertureValue" value="2"/>
          <property name="Exif/DateTime" value="2016:12:02 15:45:21"/>
          <property name="Exif/DateTimeOriginal" value="2016:12:02 15:45:21"/>
          <property name="Exif/ExposureTime" value="0.0588235294117647"/>
          <property name="Exif/FNumber" value="2"/>
          <property name="Exif/FocalLength" value="4.26"/>
          <property name="Exif/FocalLengthIn35mmFilm" value="25"/>
          <property name="Exif/ISOSpeedRatings" value="640"/>
          <property name="Exif/Make" value="OnePlus"/>
          <property name="Exif/Model" value="ONEPLUS A3003"/>
          <property name="Exif/ShutterSpeedValue" value="4.058"/>
          <property name="Exif/Software" value="OnePlus3-user 6.0.1 MMB29M 26 dev-keys"/>
          <property name="File/ImageHeight" value="4640"/>
          <property name="File/ImageWidth" value="2610"/>
          <property name="System/FileModifyDate" value="2016:12:02 19:49:11"/>
          <property name="System/FileSize" value="2318335"/>
        </meta>
      </photo>
    </camera>
    <camera camera_id="28">
      <photo path="../../../../../githubProjects/ethopianHead/IMG_20161202_154523.jpg">
        <meta>
          <property name="Exif/ApertureValue" value="2"/>
          <property name="Exif/DateTime" value="2016:12:02 15:45:23"/>
          <property name="Exif/DateTimeOriginal" value="2016:12:02 15:45:23"/>
          <property name="Exif/ExposureTime" value="0.0588235294117647"/>
          <property name="Exif/FNumber" value="2"/>
          <property name="Exif/FocalLength" value="4.26"/>
          <property name="Exif/FocalLengthIn35mmFilm" value="25"/>
          <property name="Exif/ISOSpeedRatings" value="640"/>
          <property name="Exif/Make" value="OnePlus"/>
          <property name="Exif/Model" value="ONEPLUS A3003"/>
          <property name="Exif/ShutterSpeedValue" value="4.058"/>
          <property name="Exif/Software" value="OnePlus3-user 6.0.1 MMB29M 26 dev-keys"/>
          <property name="File/ImageHeight" value="4640"/>
          <property name="File/ImageWidth" value="2610"/>
          <property name="System/FileModifyDate" value="2016:12:02 19:49:10"/>
          <property name="System/FileSize" value="2258445"/>
        </meta>
      </photo>
    </camera>
    <camera camera_id="29">
      <photo path="../../../../../githubProjects/ethopianHead/IMG_20161202_154526.jpg">
        <meta>
          <property name="Exif/ApertureValue" value="2"/>
          <property name="Exif/DateTime" value="2016:12:02 15:45:26"/>
          <property name="Exif/DateTimeOriginal" value="2016:12:02 15:45:26"/>
          <property name="Exif/ExposureTime" value="0.0588235294117647"/>
          <property name="Exif/FNumber" value="2"/>
          <property name="Exif/FocalLength" value="4.26"/>
          <property name="Exif/FocalLengthIn35mmFilm" value="25"/>
          <property name="Exif/ISOSpeedRatings" value="640"/>
          <property name="Exif/Make" value="OnePlus"/>
          <property name="Exif/Model" value="ONEPLUS A3003"/>
          <property name="Exif/ShutterSpeedValue" value="4.058"/>
          <property name="Exif/Software" value="OnePlus3-user 6.0.1 MMB29M 26 dev-keys"/>
          <property name="File/ImageHeight" value="4640"/>
          <property name="File/ImageWidth" value="2610"/>
          <property name="System/FileModifyDate" value="2016:12:02 19:49:08"/>
          <property name="System/FileSize" value="2227034"/>
        </meta>
      </photo>
    </camera>
    <camera camera_id="30">
      <photo path="../../../../../githubProjects/ethopianHead/IMG_20161202_154529.jpg">
        <meta>
          <property name="Exif/ApertureValue" value="2"/>
          <property name="Exif/DateTime" value="2016:12:02 15:45:29"/>
          <property name="Exif/DateTimeOriginal" value="2016:12:02 15:45:29"/>
          <property name="Exif/ExposureTime" value="0.0588235294117647"/>
          <property name="Exif/FNumber" value="2"/>
          <property name="Exif/FocalLength" value="4.26"/>
          <property name="Exif/FocalLengthIn35mmFilm" value="25"/>
          <property name="Exif/ISOSpeedRatings" value="640"/>
          <property name="Exif/Make" value="OnePlus"/>
          <property name="Exif/Model" value="ONEPLUS A3003"/>
          <property name="Exif/ShutterSpeedValue" value="4.058"/>
          <property name="Exif/Software" value="OnePlus3-user 6.0.1 MMB29M 26 dev-keys"/>
          <property name="File/ImageHeight" value="4640"/>
          <property name="File/ImageWidth" value="2610"/>
          <property name="System/FileModifyDate" value="2016:12:02 19:49:06"/>
          <property name="System/FileSize" value="2050310"/>
        </meta>
      </photo>
    </camera>
    <camera camera_id="31">
      <photo path="../../../../../githubProjects/ethopianHead/IMG_20161202_154531.jpg">
        <meta>
          <property name="Exif/ApertureValue" value="2"/>
          <property name="Exif/DateTime" value="2016:12:02 15:45:31"/>
          <property name="Exif/DateTimeOriginal" value="2016:12:02 15:45:31"/>
          <property name="Exif/ExposureTime" value="0.0588235294117647"/>
          <property name="Exif/FNumber" value="2"/>
          <property name="Exif/FocalLength" value="4.26"/>
          <property name="Exif/FocalLengthIn35mmFilm" value="25"/>
          <property name="Exif/ISOSpeedRatings" value="640"/>
          <property name="Exif/Make" value="OnePlus"/>
          <property name="Exif/Model" value="ONEPLUS A3003"/>
          <property name="Exif/ShutterSpeedValue" value="4.058"/>
          <property name="Exif/Software" value="OnePlus3-user 6.0.1 MMB29M 26 dev-keys"/>
          <property name="File/ImageHeight" value="4640"/>
          <property name="File/ImageWidth" value="2610"/>
          <property name="System/FileModifyDate" value="2016:12:02 19:49:03"/>
          <property name="System/FileSize" value="1887824"/>
        </meta>
      </photo>
    </camera>
    <camera camera_id="32">
      <photo path="../../../../../githubProjects/ethopianHead/IMG_20161202_154532.jpg">
        <meta>
          <property name="Exif/ApertureValue" value="2"/>
          <property name="Exif/DateTime" value="2016:12:02 15:45:32"/>
          <property name="Exif/DateTimeOriginal" value="2016:12:02 15:45:32"/>
          <property name="Exif/ExposureTime" value="0.05"/>
          <property name="Exif/FNumber" value="2"/>
          <property name="Exif/FocalLength" value="4.26"/>
          <property name="Exif/FocalLengthIn35mmFilm" value="25"/>
          <property name="Exif/ISOSpeedRatings" value="640"/>
          <property name="Exif/Make" value="OnePlus"/>
          <property name="Exif/Model" value="ONEPLUS A3003"/>
          <property name="Exif/ShutterSpeedValue" value="4.321"/>
          <property name="Exif/Software" value="OnePlus3-user 6.0.1 MMB29M 26 dev-keys"/>
          <property name="File/ImageHeight" value="4640"/>
          <property name="File/ImageWidth" value="2610"/>
          <property name="System/FileModifyDate" value="2016:12:02 19:49:00"/>
          <property name="System/FileSize" value="1998643"/>
        </meta>
      </photo>
    </camera>
    <camera camera_id="33">
      <photo path="../../../../../githubProjects/ethopianHead/IMG_20161202_154533.jpg">
        <meta>
          <property name="Exif/ApertureValue" value="2"/>
          <property name="Exif/DateTime" value="2016:12:02 15:45:33"/>
          <property name="Exif/DateTimeOriginal" value="2016:12:02 15:45:33"/>
          <property name="Exif/ExposureTime" value="0.05"/>
          <property name="Exif/FNumber" value="2"/>
          <property name="Exif/FocalLength" value="4.26"/>
          <property name="Exif/FocalLengthIn35mmFilm" value="25"/>
          <property name="Exif/ISOSpeedRatings" value="640"/>
          <property name="Exif/Make" value="OnePlus"/>
          <property name="Exif/Model" value="ONEPLUS A3003"/>
          <property name="Exif/ShutterSpeedValue" value="4.321"/>
          <property name="Exif/Software" value="OnePlus3-user 6.0.1 MMB29M 26 dev-keys"/>
          <property name="File/ImageHeight" value="4640"/>
          <property name="File/ImageWidth" value="2610"/>
          <property name="System/FileModifyDate" value="2016:12:02 19:49:05"/>
          <property name="System/FileSize" value="2030220"/>
        </meta>
      </photo>
    </camera>
    <camera camera_id="34">
      <photo path="../../../../../githubProjects/ethopianHead/IMG_20161202_154534.jpg">
        <meta>
          <property name="Exif/ApertureValue" value="2"/>
          <property name="Exif/DateTime" value="2016:12:02 15:45:34"/>
          <property name="Exif/DateTimeOriginal" value="2016:12:02 15:45:34"/>
          <property name="Exif/ExposureTime" value="0.05"/>
          <property name="Exif/FNumber" value="2"/>
          <property name="Exif/FocalLength" value="4.26"/>
          <property name="Exif/FocalLengthIn35mmFilm" value="25"/>
          <property name="Exif/ISOSpeedRatings" value="640"/>
          <property name="Exif/Make" value="OnePlus"/>
          <property name="Exif/Model" value="ONEPLUS A3003"/>
          <property name="Exif/ShutterSpeedValue" value="4.321"/>
          <property name="Exif/Software" value="OnePlus3-user 6.0.1 MMB29M 26 dev-keys"/>
          <property name="File/ImageHeight" value="4640"/>
          <property name="File/ImageWidth" value="2610"/>
          <property name="System/FileModifyDate" value="2016:12:02 19:49:02"/>
          <property name="System/FileSize" value="2138102"/>
        </meta>
      </photo>
    </camera>
    <camera camera_id="35">
      <photo path="../../../../../githubProjects/ethopianHead/IMG_20161202_154536.jpg">
        <meta>
          <property name="Exif/ApertureValue" value="2"/>
          <property name="Exif/DateTime" value="2016:12:02 15:45:36"/>
          <property name="Exif/DateTimeOriginal" value="2016:12:02 15:45:36"/>
          <property name="Exif/ExposureTime" value="0.05"/>
          <property name="Exif/FNumber" value="2"/>
          <property name="Exif/FocalLength" value="4.26"/>
          <property name="Exif/FocalLengthIn35mmFilm" value="25"/>
          <property name="Exif/ISOSpeedRatings" value="640"/>
          <property name="Exif/Make" value="OnePlus"/>
          <property name="Exif/Model" value="ONEPLUS A3003"/>
          <property name="Exif/ShutterSpeedValue" value="4.321"/>
          <property name="Exif/Software" value="OnePlus3-user 6.0.1 MMB29M 26 dev-keys"/>
          <property name="File/ImageHeight" value="4640"/>
          <property name="File/ImageWidth" value="2610"/>
          <property name="System/FileModifyDate" value="2016:12:02 19:48:59"/>
          <property name="System/FileSize" value="1992242"/>
        </meta>
      </photo>
    </camera>
    <camera camera_id="36">
      <photo path="../../../../../githubProjects/ethopianHead/IMG_20161202_154539.jpg">
        <meta>
          <property name="Exif/ApertureValue" value="2"/>
          <property name="Exif/DateTime" value="2016:12:02 15:45:38"/>
          <property name="Exif/DateTimeOriginal" value="2016:12:02 15:45:38"/>
          <property name="Exif/ExposureTime" value="0.05"/>
          <property name="Exif/FNumber" value="2"/>
          <property name="Exif/FocalLength" value="4.26"/>
          <property name="Exif/FocalLengthIn35mmFilm" value="25"/>
          <property name="Exif/ISOSpeedRatings" value="640"/>
          <property name="Exif/Make" value="OnePlus"/>
          <property name="Exif/Model" value="ONEPLUS A3003"/>
          <property name="Exif/ShutterSpeedValue" value="4.321"/>
          <property name="Exif/Software" value="OnePlus3-user 6.0.1 MMB29M 26 dev-keys"/>
          <property name="File/ImageHeight" value="4640"/>
          <property name="File/ImageWidth" value="2610"/>
          <property name="System/FileModifyDate" value="2016:12:02 19:48:57"/>
          <property name="System/FileSize" value="1990955"/>
        </meta>
      </photo>
    </camera>
    <camera camera_id="37">
      <photo path="../../../../../githubProjects/ethopianHead/IMG_20161202_154540.jpg">
        <meta>
          <property name="Exif/ApertureValue" value="2"/>
          <property name="Exif/DateTime" value="2016:12:02 15:45:39"/>
          <property name="Exif/DateTimeOriginal" value="2016:12:02 15:45:39"/>
          <property name="Exif/ExposureTime" value="0.05"/>
          <property name="Exif/FNumber" value="2"/>
          <property name="Exif/FocalLength" value="4.26"/>
          <property name="Exif/FocalLengthIn35mmFilm" value="25"/>
          <property name="Exif/ISOSpeedRatings" value="640"/>
          <property name="Exif/Make" value="OnePlus"/>
          <property name="Exif/Model" value="ONEPLUS A3003"/>
          <property name="Exif/ShutterSpeedValue" value="4.321"/>
          <property name="Exif/Software" value="OnePlus3-user 6.0.1 MMB29M 26 dev-keys"/>
          <property name="File/ImageHeight" value="4640"/>
          <property name="File/ImageWidth" value="2610"/>
          <property name="System/FileModifyDate" value="2016:12:02 19:48:56"/>
          <property name="System/FileSize" value="2015400"/>
        </meta>
      </photo>
    </camera>
    <camera camera_id="38">
      <photo path="../../../../../githubProjects/ethopianHead/IMG_20161202_154541.jpg">
        <meta>
          <property name="Exif/ApertureValue" value="2"/>
          <property name="Exif/DateTime" value="2016:12:02 15:45:41"/>
          <property name="Exif/DateTimeOriginal" value="2016:12:02 15:45:41"/>
          <property name="Exif/ExposureTime" value="0.0588235294117647"/>
          <property name="Exif/FNumber" value="2"/>
          <property name="Exif/FocalLength" value="4.26"/>
          <property name="Exif/FocalLengthIn35mmFilm" value="25"/>
          <property name="Exif/ISOSpeedRatings" value="640"/>
          <property name="Exif/Make" value="OnePlus"/>
          <property name="Exif/Model" value="ONEPLUS A3003"/>
          <property name="Exif/ShutterSpeedValue" value="4.058"/>
          <property name="Exif/Software" value="OnePlus3-user 6.0.1 MMB29M 26 dev-keys"/>
          <property name="File/ImageHeight" value="4640"/>
          <property name="File/ImageWidth" value="2610"/>
          <property name="System/FileModifyDate" value="2016:12:02 19:48:54"/>
          <property name="System/FileSize" value="1890403"/>
        </meta>
      </photo>
    </camera>
    <camera camera_id="39">
      <photo path="../../../../../githubProjects/ethopianHead/IMG_20161202_154542.jpg">
        <meta>
          <property name="Exif/ApertureValue" value="2"/>
          <property name="Exif/DateTime" value="2016:12:02 15:45:42"/>
          <property name="Exif/DateTimeOriginal" value="2016:12:02 15:45:42"/>
          <property name="Exif/ExposureTime" value="0.05"/>
          <property name="Exif/FNumber" value="2"/>
          <property name="Exif/FocalLength" value="4.26"/>
          <property name="Exif/FocalLengthIn35mmFilm" value="25"/>
          <property name="Exif/ISOSpeedRatings" value="800"/>
          <property name="Exif/Make" value="OnePlus"/>
          <property name="Exif/Model" value="ONEPLUS A3003"/>
          <property name="Exif/ShutterSpeedValue" value="4.321"/>
          <property name="Exif/Software" value="OnePlus3-user 6.0.1 MMB29M 26 dev-keys"/>
          <property name="File/ImageHeight" value="4640"/>
          <property name="File/ImageWidth" value="2610"/>
          <property name="System/FileModifyDate" value="2016:12:02 19:48:49"/>
          <property name="System/FileSize" value="2043637"/>
        </meta>
      </photo>
    </camera>
    <camera camera_id="40">
      <photo path="../../../../../githubProjects/ethopianHead/IMG_20161202_154544.jpg">
        <meta>
          <property name="Exif/ApertureValue" value="2"/>
          <property name="Exif/DateTime" value="2016:12:02 15:45:44"/>
          <property name="Exif/DateTimeOriginal" value="2016:12:02 15:45:44"/>
          <property name="Exif/ExposureTime" value="0.0588235294117647"/>
          <property name="Exif/FNumber" value="2"/>
          <property name="Exif/FocalLength" value="4.26"/>
          <property name="Exif/FocalLengthIn35mmFilm" value="25"/>
          <property name="Exif/ISOSpeedRatings" value="640"/>
          <property name="Exif/Make" value="OnePlus"/>
          <property name="Exif/Model" value="ONEPLUS A3003"/>
          <property name="Exif/ShutterSpeedValue" value="4.058"/>
          <property name="Exif/Software" value="OnePlus3-user 6.0.1 MMB29M 26 dev-keys"/>
          <property name="File/ImageHeight" value="4640"/>
          <property name="File/ImageWidth" value="2610"/>
          <property name="System/FileModifyDate" value="2016:12:02 19:48:51"/>
          <property name="System/FileSize" value="1920893"/>
        </meta>
      </photo>
    </camera>
    <camera camera_id="41">
      <photo path="../../../../../githubProjects/ethopianHead/IMG_20161202_154545.jpg">
        <meta>
          <property name="Exif/ApertureValue" value="2"/>
          <property name="Exif/DateTime" value="2016:12:02 15:45:45"/>
          <property name="Exif/DateTimeOriginal" value="2016:12:02 15:45:45"/>
          <property name="Exif/ExposureTime" value="0.0588235294117647"/>
          <property name="Exif/FNumber" value="2"/>
          <property name="Exif/FocalLength" value="4.26"/>
          <property name="Exif/FocalLengthIn35mmFilm" value="25"/>
          <property name="Exif/ISOSpeedRatings" value="640"/>
          <property name="Exif/Make" value="OnePlus"/>
          <property name="Exif/Model" value="ONEPLUS A3003"/>
          <property name="Exif/ShutterSpeedValue" value="4.058"/>
          <property name="Exif/Software" value="OnePlus3-user 6.0.1 MMB29M 26 dev-keys"/>
          <property name="File/ImageHeight" value="4640"/>
          <property name="File/ImageWidth" value="2610"/>
          <property name="System/FileModifyDate" value="2016:12:02 19:48:53"/>
          <property name="System/FileSize" value="1973753"/>
        </meta>
      </photo>
    </camera>
    <camera camera_id="42">
      <photo path="../../../../../githubProjects/ethopianHead/IMG_20161202_154546.jpg">
        <meta>
          <property name="Exif/ApertureValue" value="2"/>
          <property name="Exif/DateTime" value="2016:12:02 15:45:46"/>
          <property name="Exif/DateTimeOriginal" value="2016:12:02 15:45:46"/>
          <property name="Exif/ExposureTime" value="0.0588235294117647"/>
          <property name="Exif/FNumber" value="2"/>
          <property name="Exif/FocalLength" value="4.26"/>
          <property name="Exif/FocalLengthIn35mmFilm" value="25"/>
          <property name="Exif/ISOSpeedRatings" value="640"/>
          <property name="Exif/Make" value="OnePlus"/>
          <property name="Exif/Model" value="ONEPLUS A3003"/>
          <property name="Exif/ShutterSpeedValue" value="4.058"/>
          <property name="Exif/Software" value="OnePlus3-user 6.0.1 MMB29M 26 dev-keys"/>
          <property name="File/ImageHeight" value="4640"/>
          <property name="File/ImageWidth" value="2610"/>
          <property name="System/FileModifyDate" value="2016:12:02 19:48:48"/>
          <property name="System/FileSize" value="1881817"/>
        </meta>
      </photo>
    </camera>
    <camera camera_id="43">
      <photo path="../../../../../githubProjects/ethopianHead/IMG_20161202_154547.jpg">
        <meta>
          <property name="Exif/ApertureValue" value="2"/>
          <property name="Exif/DateTime" value="2016:12:02 15:45:47"/>
          <property name="Exif/DateTimeOriginal" value="2016:12:02 15:45:47"/>
          <property name="Exif/ExposureTime" value="0.0588235294117647"/>
          <property name="Exif/FNumber" value="2"/>
          <property name="Exif/FocalLength" value="4.26"/>
          <property name="Exif/FocalLengthIn35mmFilm" value="25"/>
          <property name="Exif/ISOSpeedRatings" value="640"/>
          <property name="Exif/Make" value="OnePlus"/>
          <property name="Exif/Model" value="ONEPLUS A3003"/>
          <property name="Exif/ShutterSpeedValue" value="4.058"/>
          <property name="Exif/Software" value="OnePlus3-user 6.0.1 MMB29M 26 dev-keys"/>
          <property name="File/ImageHeight" value="4640"/>
          <property name="File/ImageWidth" value="2610"/>
          <property name="System/FileModifyDate" value="2016:12:02 19:48:39"/>
          <property name="System/FileSize" value="1880924"/>
        </meta>
      </photo>
    </camera>
    <camera camera_id="44">
      <photo path="../../../../../githubProjects/ethopianHead/IMG_20161202_154548.jpg">
        <meta>
          <property name="Exif/ApertureValue" value="2"/>
          <property name="Exif/DateTime" value="2016:12:02 15:45:48"/>
          <property name="Exif/DateTimeOriginal" value="2016:12:02 15:45:48"/>
          <property name="Exif/ExposureTime" value="0.0588235294117647"/>
          <property name="Exif/FNumber" value="2"/>
          <property name="Exif/FocalLength" value="4.26"/>
          <property name="Exif/FocalLengthIn35mmFilm" value="25"/>
          <property name="Exif/ISOSpeedRatings" value="640"/>
          <property name="Exif/Make" value="OnePlus"/>
          <property name="Exif/Model" value="ONEPLUS A3003"/>
          <property name="Exif/ShutterSpeedValue" value="4.058"/>
          <property name="Exif/Software" value="OnePlus3-user 6.0.1 MMB29M 26 dev-keys"/>
          <property name="File/ImageHeight" value="4640"/>
          <property name="File/ImageWidth" value="2610"/>
          <property name="System/FileModifyDate" value="2016:12:02 19:48:38"/>
          <property name="System/FileSize" value="1959502"/>
        </meta>
      </photo>
    </camera>
    <camera camera_id="45">
      <photo path="../../../../../githubProjects/ethopianHead/IMG_20161202_154549.jpg">
        <meta>
          <property name="Exif/ApertureValue" value="2"/>
          <property name="Exif/DateTime" value="2016:12:02 15:45:49"/>
          <property name="Exif/DateTimeOriginal" value="2016:12:02 15:45:49"/>
          <property name="Exif/ExposureTime" value="0.05"/>
          <property name="Exif/FNumber" value="2"/>
          <property name="Exif/FocalLength" value="4.26"/>
          <property name="Exif/FocalLengthIn35mmFilm" value="25"/>
          <property name="Exif/ISOSpeedRatings" value="800"/>
          <property name="Exif/Make" value="OnePlus"/>
          <property name="Exif/Model" value="ONEPLUS A3003"/>
          <property name="Exif/ShutterSpeedValue" value="4.321"/>
          <property name="Exif/Software" value="OnePlus3-user 6.0.1 MMB29M 26 dev-keys"/>
          <property name="File/ImageHeight" value="4640"/>
          <property name="File/ImageWidth" value="2610"/>
          <property name="System/FileModifyDate" value="2016:12:02 19:48:41"/>
          <property name="System/FileSize" value="2073047"/>
        </meta>
      </photo>
    </camera>
    <camera camera_id="46">
      <photo path="../../../../../githubProjects/ethopianHead/IMG_20161202_154550.jpg">
        <meta>
          <property name="Exif/ApertureValue" value="2"/>
          <property name="Exif/DateTime" value="2016:12:02 15:45:50"/>
          <property name="Exif/DateTimeOriginal" value="2016:12:02 15:45:50"/>
          <property name="Exif/ExposureTime" value="0.05"/>
          <property name="Exif/FNumber" value="2"/>
          <property name="Exif/FocalLength" value="4.26"/>
          <property name="Exif/FocalLengthIn35mmFilm" value="25"/>
          <property name="Exif/ISOSpeedRatings" value="800"/>
          <property name="Exif/Make" value="OnePlus"/>
          <property name="Exif/Model" value="ONEPLUS A3003"/>
          <property name="Exif/ShutterSpeedValue" value="4.321"/>
          <property name="Exif/Software" value="OnePlus3-user 6.0.1 MMB29M 26 dev-keys"/>
          <property name="File/ImageHeight" value="4640"/>
          <property name="File/ImageWidth" value="2610"/>
          <property name="System/FileModifyDate" value="2016:12:02 19:48:46"/>
          <property name="System/FileSize" value="1977320"/>
        </meta>
      </photo>
    </camera>
    <camera camera_id="47">
      <photo path="../../../../../githubProjects/ethopianHead/IMG_20161202_154551.jpg">
        <meta>
          <property name="Exif/ApertureValue" value="2"/>
          <property name="Exif/DateTime" value="2016:12:02 15:45:51"/>
          <property name="Exif/DateTimeOriginal" value="2016:12:02 15:45:51"/>
          <property name="Exif/ExposureTime" value="0.0588235294117647"/>
          <property name="Exif/FNumber" value="2"/>
          <property name="Exif/FocalLength" value="4.26"/>
          <property name="Exif/FocalLengthIn35mmFilm" value="25"/>
          <property name="Exif/ISOSpeedRatings" value="640"/>
          <property name="Exif/Make" value="OnePlus"/>
          <property name="Exif/Model" value="ONEPLUS A3003"/>
          <property name="Exif/ShutterSpeedValue" value="4.058"/>
          <property name="Exif/Software" value="OnePlus3-user 6.0.1 MMB29M 26 dev-keys"/>
          <property name="File/ImageHeight" value="4640"/>
          <property name="File/ImageWidth" value="2610"/>
          <property name="System/FileModifyDate" value="2016:12:02 19:48:36"/>
          <property name="System/FileSize" value="2175787"/>
        </meta>
      </photo>
    </camera>
    <camera camera_id="48">
      <photo path="../../../../../githubProjects/ethopianHead/IMG_20161202_154552.jpg">
        <meta>
          <property name="Exif/ApertureValue" value="2"/>
          <property name="Exif/DateTime" value="2016:12:02 15:45:52"/>
          <property name="Exif/DateTimeOriginal" value="2016:12:02 15:45:52"/>
          <property name="Exif/ExposureTime" value="0.0588235294117647"/>
          <property name="Exif/FNumber" value="2"/>
          <property name="Exif/FocalLength" value="4.26"/>
          <property name="Exif/FocalLengthIn35mmFilm" value="25"/>
          <property name="Exif/ISOSpeedRatings" value="800"/>
          <property name="Exif/Make" value="OnePlus"/>
          <property name="Exif/Model" value="ONEPLUS A3003"/>
          <property name="Exif/ShutterSpeedValue" value="4.058"/>
          <property name="Exif/Software" value="OnePlus3-user 6.0.1 MMB29M 26 dev-keys"/>
          <property name="File/ImageHeight" value="4640"/>
          <property name="File/ImageWidth" value="2610"/>
          <property name="System/FileModifyDate" value="2016:12:02 19:48:44"/>
          <property name="System/FileSize" value="2151865"/>
        </meta>
      </photo>
    </camera>
    <camera camera_id="49">
      <photo path="../../../../../githubProjects/ethopianHead/IMG_20161202_154555.jpg">
        <meta>
          <property name="Exif/ApertureValue" value="2"/>
          <property name="Exif/DateTime" value="2016:12:02 15:45:54"/>
          <property name="Exif/DateTimeOriginal" value="2016:12:02 15:45:54"/>
          <property name="Exif/ExposureTime" value="0.0588235294117647"/>
          <property name="Exif/FNumber" value="2"/>
          <property name="Exif/FocalLength" value="4.26"/>
          <property name="Exif/FocalLengthIn35mmFilm" value="25"/>
          <property name="Exif/ISOSpeedRatings" value="800"/>
          <property name="Exif/Make" value="OnePlus"/>
          <property name="Exif/Model" value="ONEPLUS A3003"/>
          <property name="Exif/ShutterSpeedValue" value="4.058"/>
          <property name="Exif/Software" value="OnePlus3-user 6.0.1 MMB29M 26 dev-keys"/>
          <property name="File/ImageHeight" value="4640"/>
          <property name="File/ImageWidth" value="2610"/>
          <property name="System/FileModifyDate" value="2016:12:02 19:48:43"/>
          <property name="System/FileSize" value="1743863"/>
        </meta>
      </photo>
    </camera>
    <camera camera_id="50">
      <photo path="../../../../../githubProjects/ethopianHead/IMG_20161202_154556.jpg">
        <meta>
          <property name="Exif/ApertureValue" value="2"/>
          <property name="Exif/DateTime" value="2016:12:02 15:45:55"/>
          <property name="Exif/DateTimeOriginal" value="2016:12:02 15:45:55"/>
          <property name="Exif/ExposureTime" value="0.0588235294117647"/>
          <property name="Exif/FNumber" value="2"/>
          <property name="Exif/FocalLength" value="4.26"/>
          <property name="Exif/FocalLengthIn35mmFilm" value="25"/>
          <property name="Exif/ISOSpeedRatings" value="1000"/>
          <property name="Exif/Make" value="OnePlus"/>
          <property name="Exif/Model" value="ONEPLUS A3003"/>
          <property name="Exif/ShutterSpeedValue" value="4.058"/>
          <property name="Exif/Software" value="OnePlus3-user 6.0.1 MMB29M 26 dev-keys"/>
          <property name="File/ImageHeight" value="4640"/>
          <property name="File/ImageWidth" value="2610"/>
          <property name="System/FileModifyDate" value="2016:12:02 19:48:35"/>
          <property name="System/FileSize" value="1809081"/>
        </meta>
      </photo>
    </camera>
    <camera camera_id="51">
      <photo path="../../../../../githubProjects/ethopianHead/IMG_20161202_154557.jpg">
        <meta>
          <property name="Exif/ApertureValue" value="2"/>
          <property name="Exif/DateTime" value="2016:12:02 15:45:57"/>
          <property name="Exif/DateTimeOriginal" value="2016:12:02 15:45:57"/>
          <property name="Exif/ExposureTime" value="0.0588235294117647"/>
          <property name="Exif/FNumber" value="2"/>
          <property name="Exif/FocalLength" value="4.26"/>
          <property name="Exif/FocalLengthIn35mmFilm" value="25"/>
          <property name="Exif/ISOSpeedRatings" value="1000"/>
          <property name="Exif/Make" value="OnePlus"/>
          <property name="Exif/Model" value="ONEPLUS A3003"/>
          <property name="Exif/ShutterSpeedValue" value="4.058"/>
          <property name="Exif/Software" value="OnePlus3-user 6.0.1 MMB29M 26 dev-keys"/>
          <property name="File/ImageHeight" value="4640"/>
          <property name="File/ImageWidth" value="2610"/>
          <property name="System/FileModifyDate" value="2016:12:02 19:48:32"/>
          <property name="System/FileSize" value="1823441"/>
        </meta>
      </photo>
    </camera>
    <camera camera_id="52">
      <photo path="../../../../../githubProjects/ethopianHead/IMG_20161202_154559.jpg">
        <meta>
          <property name="Exif/ApertureValue" value="2"/>
          <property name="Exif/DateTime" value="2016:12:02 15:45:59"/>
          <property name="Exif/DateTimeOriginal" value="2016:12:02 15:45:59"/>
          <property name="Exif/ExposureTime" value="0.0588235294117647"/>
          <property name="Exif/FNumber" value="2"/>
          <property name="Exif/FocalLength" value="4.26"/>
          <property name="Exif/FocalLengthIn35mmFilm" value="25"/>
          <property name="Exif/ISOSpeedRatings" value="1250"/>
          <property name="Exif/Make" value="OnePlus"/>
          <property name="Exif/Model" value="ONEPLUS A3003"/>
          <property name="Exif/ShutterSpeedValue" value="4.058"/>
          <property name="Exif/Software" value="OnePlus3-user 6.0.1 MMB29M 26 dev-keys"/>
          <property name="File/ImageHeight" value="4640"/>
          <property name="File/ImageWidth" value="2610"/>
          <property name="System/FileModifyDate" value="2016:12:02 19:48:33"/>
          <property name="System/FileSize" value="1755933"/>
        </meta>
      </photo>
    </camera>
    <camera camera_id="53">
      <photo path="../../../../../githubProjects/ethopianHead/IMG_20161202_154600.jpg">
        <meta>
          <property name="Exif/ApertureValue" value="2"/>
          <property name="Exif/DateTime" value="2016:12:02 15:46:00"/>
          <property name="Exif/DateTimeOriginal" value="2016:12:02 15:46:00"/>
          <property name="Exif/ExposureTime" value="0.0588235294117647"/>
          <property name="Exif/FNumber" value="2"/>
          <property name="Exif/FocalLength" value="4.26"/>
          <property name="Exif/FocalLengthIn35mmFilm" value="25"/>
          <property name="Exif/ISOSpeedRatings" value="1000"/>
          <property name="Exif/Make" value="OnePlus"/>
          <property name="Exif/Model" value="ONEPLUS A3003"/>
          <property name="Exif/ShutterSpeedValue" value="4.058"/>
          <property name="Exif/Software" value="OnePlus3-user 6.0.1 MMB29M 26 dev-keys"/>
          <property name="File/ImageHeight" value="4640"/>
          <property name="File/ImageWidth" value="2610"/>
          <property name="System/FileModifyDate" value="2016:12:02 19:48:24"/>
          <property name="System/FileSize" value="1948296"/>
        </meta>
      </photo>
    </camera>
    <camera camera_id="54">
      <photo path="../../../../../githubProjects/ethopianHead/IMG_20161202_154602.jpg">
        <meta>
          <property name="Exif/ApertureValue" value="2"/>
          <property name="Exif/DateTime" value="2016:12:02 15:46:02"/>
          <property name="Exif/DateTimeOriginal" value="2016:12:02 15:46:02"/>
          <property name="Exif/ExposureTime" value="0.0588235294117647"/>
          <property name="Exif/FNumber" value="2"/>
          <property name="Exif/FocalLength" value="4.26"/>
          <property name="Exif/FocalLengthIn35mmFilm" value="25"/>
          <property name="Exif/ISOSpeedRatings" value="640"/>
          <property name="Exif/Make" value="OnePlus"/>
          <property name="Exif/Model" value="ONEPLUS A3003"/>
          <property name="Exif/ShutterSpeedValue" value="4.058"/>
          <property name="Exif/Software" value="OnePlus3-user 6.0.1 MMB29M 26 dev-keys"/>
          <property name="File/ImageHeight" value="4640"/>
          <property name="File/ImageWidth" value="2610"/>
          <property name="System/FileModifyDate" value="2016:12:02 19:48:30"/>
          <property name="System/FileSize" value="2144528"/>
        </meta>
      </photo>
    </camera>
    <camera camera_id="55">
      <photo path="../../../../../githubProjects/ethopianHead/IMG_20161202_154603.jpg">
        <meta>
          <property name="Exif/ApertureValue" value="2"/>
          <property name="Exif/DateTime" value="2016:12:02 15:46:03"/>
          <property name="Exif/DateTimeOriginal" value="2016:12:02 15:46:03"/>
          <property name="Exif/ExposureTime" value="0.0588235294117647"/>
          <property name="Exif/FNumber" value="2"/>
          <property name="Exif/FocalLength" value="4.26"/>
          <property name="Exif/FocalLengthIn35mmFilm" value="25"/>
          <property name="Exif/ISOSpeedRatings" value="640"/>
          <property name="Exif/Make" value="OnePlus"/>
          <property name="Exif/Model" value="ONEPLUS A3003"/>
          <property name="Exif/ShutterSpeedValue" value="4.058"/>
          <property name="Exif/Software" value="OnePlus3-user 6.0.1 MMB29M 26 dev-keys"/>
          <property name="File/ImageHeight" value="4640"/>
          <property name="File/ImageWidth" value="2610"/>
          <property name="System/FileModifyDate" value="2016:12:02 19:48:25"/>
          <property name="System/FileSize" value="2086721"/>
        </meta>
      </photo>
    </camera>
    <camera camera_id="56">
      <photo path="../../../../../githubProjects/ethopianHead/IMG_20161202_154605.jpg">
        <meta>
          <property name="Exif/ApertureValue" value="2"/>
          <property name="Exif/DateTime" value="2016:12:02 15:46:05"/>
          <property name="Exif/DateTimeOriginal" value="2016:12:02 15:46:05"/>
          <property name="Exif/ExposureTime" value="0.0588235294117647"/>
          <property name="Exif/FNumber" value="2"/>
          <property name="Exif/FocalLength" value="4.26"/>
          <property name="Exif/FocalLengthIn35mmFilm" value="25"/>
          <property name="Exif/ISOSpeedRatings" value="640"/>
          <property name="Exif/Make" value="OnePlus"/>
          <property name="Exif/Model" value="ONEPLUS A3003"/>
          <property name="Exif/ShutterSpeedValue" value="4.058"/>
          <property name="Exif/Software" value="OnePlus3-user 6.0.1 MMB29M 26 dev-keys"/>
          <property name="File/ImageHeight" value="4640"/>
          <property name="File/ImageWidth" value="2610"/>
          <property name="System/FileModifyDate" value="2016:12:02 19:48:22"/>
          <property name="System/FileSize" value="1952530"/>
        </meta>
      </photo>
    </camera>
    <camera camera_id="57">
      <photo path="../../../../../githubProjects/ethopianHead/IMG_20161202_154606.jpg">
        <meta>
          <property name="Exif/ApertureValue" value="2"/>
          <property name="Exif/DateTime" value="2016:12:02 15:46:06"/>
          <property name="Exif/DateTimeOriginal" value="2016:12:02 15:46:06"/>
          <property name="Exif/ExposureTime" value="0.0588235294117647"/>
          <property name="Exif/FNumber" value="2"/>
          <property name="Exif/FocalLength" value="4.26"/>
          <property name="Exif/FocalLengthIn35mmFilm" value="25"/>
          <property name="Exif/ISOSpeedRatings" value="640"/>
          <property name="Exif/Make" value="OnePlus"/>
          <property name="Exif/Model" value="ONEPLUS A3003"/>
          <property name="Exif/ShutterSpeedValue" value="4.058"/>
          <property name="Exif/Software" value="OnePlus3-user 6.0.1 MMB29M 26 dev-keys"/>
          <property name="File/ImageHeight" value="4640"/>
          <property name="File/ImageWidth" value="2610"/>
          <property name="System/FileModifyDate" value="2016:12:02 19:48:29"/>
          <property name="System/FileSize" value="2090178"/>
        </meta>
      </photo>
    </camera>
    <camera camera_id="58">
      <photo path="../../../../../githubProjects/ethopianHead/IMG_20161202_154608.jpg">
        <meta>
          <property name="Exif/ApertureValue" value="2"/>
          <property name="Exif/DateTime" value="2016:12:02 15:46:08"/>
          <property name="Exif/DateTimeOriginal" value="2016:12:02 15:46:08"/>
          <property name="Exif/ExposureTime" value="0.0588235294117647"/>
          <property name="Exif/FNumber" value="2"/>
          <property name="Exif/FocalLength" value="4.26"/>
          <property name="Exif/FocalLengthIn35mmFilm" value="25"/>
          <property name="Exif/ISOSpeedRatings" value="640"/>
          <property name="Exif/Make" value="OnePlus"/>
          <property name="Exif/Model" value="ONEPLUS A3003"/>
          <property name="Exif/ShutterSpeedValue" value="4.058"/>
          <property name="Exif/Software" value="OnePlus3-user 6.0.1 MMB29M 26 dev-keys"/>
          <property name="File/ImageHeight" value="4640"/>
          <property name="File/ImageWidth" value="2610"/>
          <property name="System/FileModifyDate" value="2016:12:02 19:48:27"/>
          <property name="System/FileSize" value="2039540"/>
        </meta>
      </photo>
    </camera>
    <camera camera_id="59">
      <photo path="../../../../../githubProjects/ethopianHead/IMG_20161202_154609.jpg">
        <meta>
          <property name="Exif/ApertureValue" value="2"/>
          <property name="Exif/DateTime" value="2016:12:02 15:46:09"/>
          <property name="Exif/DateTimeOriginal" value="2016:12:02 15:46:09"/>
          <property name="Exif/ExposureTime" value="0.0588235294117647"/>
          <property name="Exif/FNumber" value="2"/>
          <property name="Exif/FocalLength" value="4.26"/>
          <property name="Exif/FocalLengthIn35mmFilm" value="25"/>
          <property name="Exif/ISOSpeedRatings" value="640"/>
          <property name="Exif/Make" value="OnePlus"/>
          <property name="Exif/Model" value="ONEPLUS A3003"/>
          <property name="Exif/ShutterSpeedValue" value="4.058"/>
          <property name="Exif/Software" value="OnePlus3-user 6.0.1 MMB29M 26 dev-keys"/>
          <property name="File/ImageHeight" value="4640"/>
          <property name="File/ImageWidth" value="2610"/>
          <property name="System/FileModifyDate" value="2016:12:02 19:48:21"/>
          <property name="System/FileSize" value="1984337"/>
        </meta>
      </photo>
    </camera>
    <camera camera_id="60">
      <photo path="../../../../../githubProjects/ethopianHead/IMG_20161202_154610.jpg">
        <meta>
          <property name="Exif/ApertureValue" value="2"/>
          <property name="Exif/DateTime" value="2016:12:02 15:46:10"/>
          <property name="Exif/DateTimeOriginal" value="2016:12:02 15:46:10"/>
          <property name="Exif/ExposureTime" value="0.0588235294117647"/>
          <property name="Exif/FNumber" value="2"/>
          <property name="Exif/FocalLength" value="4.26"/>
          <property name="Exif/FocalLengthIn35mmFilm" value="25"/>
          <property name="Exif/ISOSpeedRatings" value="640"/>
          <property name="Exif/Make" value="OnePlus"/>
          <property name="Exif/Model" value="ONEPLUS A3003"/>
          <property name="Exif/ShutterSpeedValue" value="4.058"/>
          <property name="Exif/Software" value="OnePlus3-user 6.0.1 MMB29M 26 dev-keys"/>
          <property name="File/ImageHeight" value="4640"/>
          <property name="File/ImageWidth" value="2610"/>
          <property name="System/FileModifyDate" value="2016:12:02 19:48:18"/>
          <property name="System/FileSize" value="2020113"/>
        </meta>
      </photo>
    </camera>
    <camera camera_id="61">
      <photo path="../../../../../githubProjects/ethopianHead/IMG_20161202_154612.jpg">
        <meta>
          <property name="Exif/ApertureValue" value="2"/>
          <property name="Exif/DateTime" value="2016:12:02 15:46:12"/>
          <property name="Exif/DateTimeOriginal" value="2016:12:02 15:46:12"/>
          <property name="Exif/ExposureTime" value="0.0588235294117647"/>
          <property name="Exif/FNumber" value="2"/>
          <property name="Exif/FocalLength" value="4.26"/>
          <property name="Exif/FocalLengthIn35mmFilm" value="25"/>
          <property name="Exif/ISOSpeedRatings" value="640"/>
          <property name="Exif/Make" value="OnePlus"/>
          <property name="Exif/Model" value="ONEPLUS A3003"/>
          <property name="Exif/ShutterSpeedValue" value="4.058"/>
          <property name="Exif/Software" value="OnePlus3-user 6.0.1 MMB29M 26 dev-keys"/>
          <property name="File/ImageHeight" value="4640"/>
          <property name="File/ImageWidth" value="2610"/>
          <property name="System/FileModifyDate" value="2016:12:02 19:48:19"/>
          <property name="System/FileSize" value="2029144"/>
        </meta>
      </photo>
    </camera>
    <camera camera_id="62">
      <photo path="../../../../../githubProjects/ethopianHead/IMG_20161202_154613.jpg">
        <meta>
          <property name="Exif/ApertureValue" value="2"/>
          <property name="Exif/DateTime" value="2016:12:02 15:46:13"/>
          <property name="Exif/DateTimeOriginal" value="2016:12:02 15:46:13"/>
          <property name="Exif/ExposureTime" value="0.0588235294117647"/>
          <property name="Exif/FNumber" value="2"/>
          <property name="Exif/FocalLength" value="4.26"/>
          <property name="Exif/FocalLengthIn35mmFilm" value="25"/>
          <property name="Exif/ISOSpeedRatings" value="640"/>
          <property name="Exif/Make" value="OnePlus"/>
          <property name="Exif/Model" value="ONEPLUS A3003"/>
          <property name="Exif/ShutterSpeedValue" value="4.058"/>
          <property name="Exif/Software" value="OnePlus3-user 6.0.1 MMB29M 26 dev-keys"/>
          <property name="File/ImageHeight" value="4640"/>
          <property name="File/ImageWidth" value="2610"/>
          <property name="System/FileModifyDate" value="2016:12:02 19:48:17"/>
          <property name="System/FileSize" value="2035079"/>
        </meta>
      </photo>
    </camera>
    <camera camera_id="63">
      <photo path="../../../../../githubProjects/ethopianHead/IMG_20161202_154828.jpg">
        <meta>
          <property name="Exif/ApertureValue" value="2"/>
          <property name="Exif/DateTime" value="2016:12:02 15:48:28"/>
          <property name="Exif/DateTimeOriginal" value="2016:12:02 15:48:28"/>
          <property name="Exif/ExposureTime" value="0.0588235294117647"/>
          <property name="Exif/FNumber" value="2"/>
          <property name="Exif/FocalLength" value="4.26"/>
          <property name="Exif/FocalLengthIn35mmFilm" value="25"/>
          <property name="Exif/ISOSpeedRatings" value="800"/>
          <property name="Exif/Make" value="OnePlus"/>
          <property name="Exif/Model" value="ONEPLUS A3003"/>
          <property name="Exif/ShutterSpeedValue" value="4.058"/>
          <property name="Exif/Software" value="OnePlus3-user 6.0.1 MMB29M 26 dev-keys"/>
          <property name="File/ImageHeight" value="4640"/>
          <property name="File/ImageWidth" value="2610"/>
          <property name="System/FileModifyDate" value="2016:12:02 19:47:09"/>
          <property name="System/FileSize" value="2549445"/>
        </meta>
      </photo>
    </camera>
    <camera camera_id="64">
      <photo path="../../../../../githubProjects/ethopianHead/IMG_20161202_154831.jpg">
        <meta>
          <property name="Exif/ApertureValue" value="2"/>
          <property name="Exif/DateTime" value="2016:12:02 15:48:30"/>
          <property name="Exif/DateTimeOriginal" value="2016:12:02 15:48:30"/>
          <property name="Exif/ExposureTime" value="0.0588235294117647"/>
          <property name="Exif/FNumber" value="2"/>
          <property name="Exif/FocalLength" value="4.26"/>
          <property name="Exif/FocalLengthIn35mmFilm" value="25"/>
          <property name="Exif/ISOSpeedRatings" value="800"/>
          <property name="Exif/Make" value="OnePlus"/>
          <property name="Exif/Model" value="ONEPLUS A3003"/>
          <property name="Exif/ShutterSpeedValue" value="4.058"/>
          <property name="Exif/Software" value="OnePlus3-user 6.0.1 MMB29M 26 dev-keys"/>
          <property name="File/ImageHeight" value="4640"/>
          <property name="File/ImageWidth" value="2610"/>
          <property name="System/FileModifyDate" value="2016:12:02 19:46:54"/>
          <property name="System/FileSize" value="2599886"/>
        </meta>
      </photo>
    </camera>
    <camera camera_id="65">
      <photo path="../../../../../githubProjects/ethopianHead/IMG_20161202_154833.jpg">
        <meta>
          <property name="Exif/ApertureValue" value="2"/>
          <property name="Exif/DateTime" value="2016:12:02 15:48:33"/>
          <property name="Exif/DateTimeOriginal" value="2016:12:02 15:48:33"/>
          <property name="Exif/ExposureTime" value="0.0588235294117647"/>
          <property name="Exif/FNumber" value="2"/>
          <property name="Exif/FocalLength" value="4.26"/>
          <property name="Exif/FocalLengthIn35mmFilm" value="25"/>
          <property name="Exif/ISOSpeedRatings" value="800"/>
          <property name="Exif/Make" value="OnePlus"/>
          <property name="Exif/Model" value="ONEPLUS A3003"/>
          <property name="Exif/ShutterSpeedValue" value="4.058"/>
          <property name="Exif/Software" value="OnePlus3-user 6.0.1 MMB29M 26 dev-keys"/>
          <property name="File/ImageHeight" value="4640"/>
          <property name="File/ImageWidth" value="2610"/>
          <property name="System/FileModifyDate" value="2016:12:02 19:46:58"/>
          <property name="System/FileSize" value="2795104"/>
        </meta>
      </photo>
    </camera>
    <camera camera_id="66">
      <photo path="../../../../../githubProjects/ethopianHead/IMG_20161202_154836.jpg">
        <meta>
          <property name="Exif/ApertureValue" value="2"/>
          <property name="Exif/DateTime" value="2016:12:02 15:48:35"/>
          <property name="Exif/DateTimeOriginal" value="2016:12:02 15:48:35"/>
          <property name="Exif/ExposureTime" value="0.0588235294117647"/>
          <property name="Exif/FNumber" value="2"/>
          <property name="Exif/FocalLength" value="4.26"/>
          <property name="Exif/FocalLengthIn35mmFilm" value="25"/>
          <property name="Exif/ISOSpeedRatings" value="800"/>
          <property name="Exif/Make" value="OnePlus"/>
          <property name="Exif/Model" value="ONEPLUS A3003"/>
          <property name="Exif/ShutterSpeedValue" value="4.058"/>
          <property name="Exif/Software" value="OnePlus3-user 6.0.1 MMB29M 26 dev-keys"/>
          <property name="File/ImageHeight" value="4640"/>
          <property name="File/ImageWidth" value="2610"/>
          <property name="System/FileModifyDate" value="2016:12:02 19:47:00"/>
          <property name="System/FileSize" value="2658067"/>
        </meta>
      </photo>
    </camera>
    <camera camera_id="67">
      <photo path="../../../../../githubProjects/ethopianHead/IMG_20161202_154839.jpg">
        <meta>
          <property name="Exif/ApertureValue" value="2"/>
          <property name="Exif/DateTime" value="2016:12:02 15:48:39"/>
          <property name="Exif/DateTimeOriginal" value="2016:12:02 15:48:39"/>
          <property name="Exif/ExposureTime" value="0.0588235294117647"/>
          <property name="Exif/FNumber" value="2"/>
          <property name="Exif/FocalLength" value="4.26"/>
          <property name="Exif/FocalLengthIn35mmFilm" value="25"/>
          <property name="Exif/ISOSpeedRatings" value="800"/>
          <property name="Exif/Make" value="OnePlus"/>
          <property name="Exif/Model" value="ONEPLUS A3003"/>
          <property name="Exif/ShutterSpeedValue" value="4.058"/>
          <property name="Exif/Software" value="OnePlus3-user 6.0.1 MMB29M 26 dev-keys"/>
          <property name="File/ImageHeight" value="4640"/>
          <property name="File/ImageWidth" value="2610"/>
          <property name="System/FileModifyDate" value="2016:12:02 19:46:51"/>
          <property name="System/FileSize" value="2355318"/>
        </meta>
      </photo>
    </camera>
    <camera camera_id="68">
      <photo path="../../../../../githubProjects/ethopianHead/IMG_20161202_154842.jpg">
        <meta>
          <property name="Exif/ApertureValue" value="2"/>
          <property name="Exif/DateTime" value="2016:12:02 15:48:42"/>
          <property name="Exif/DateTimeOriginal" value="2016:12:02 15:48:42"/>
          <property name="Exif/ExposureTime" value="0.0588235294117647"/>
          <property name="Exif/FNumber" value="2"/>
          <property name="Exif/FocalLength" value="4.26"/>
          <property name="Exif/FocalLengthIn35mmFilm" value="25"/>
          <property name="Exif/ISOSpeedRatings" value="800"/>
          <property name="Exif/Make" value="OnePlus"/>
          <property name="Exif/Model" value="ONEPLUS A3003"/>
          <property name="Exif/ShutterSpeedValue" value="4.058"/>
          <property name="Exif/Software" value="OnePlus3-user 6.0.1 MMB29M 26 dev-keys"/>
          <property name="File/ImageHeight" value="4640"/>
          <property name="File/ImageWidth" value="2610"/>
          <property name="System/FileModifyDate" value="2016:12:02 19:47:06"/>
          <property name="System/FileSize" value="2739219"/>
        </meta>
      </photo>
    </camera>
    <camera camera_id="69">
      <photo path="../../../../../githubProjects/ethopianHead/IMG_20161202_154845.jpg">
        <meta>
          <property name="Exif/ApertureValue" value="2"/>
          <property name="Exif/DateTime" value="2016:12:02 15:48:45"/>
          <property name="Exif/DateTimeOriginal" value="2016:12:02 15:48:45"/>
          <property name="Exif/ExposureTime" value="0.0588235294117647"/>
          <property name="Exif/FNumber" value="2"/>
          <property name="Exif/FocalLength" value="4.26"/>
          <property name="Exif/FocalLengthIn35mmFilm" value="25"/>
          <property name="Exif/ISOSpeedRatings" value="800"/>
          <property name="Exif/Make" value="OnePlus"/>
          <property name="Exif/Model" value="ONEPLUS A3003"/>
          <property name="Exif/ShutterSpeedValue" value="4.058"/>
          <property name="Exif/Software" value="OnePlus3-user 6.0.1 MMB29M 26 dev-keys"/>
          <property name="File/ImageHeight" value="4640"/>
          <property name="File/ImageWidth" value="2610"/>
          <property name="System/FileModifyDate" value="2016:12:02 19:47:04"/>
          <property name="System/FileSize" value="2651740"/>
        </meta>
      </photo>
    </camera>
    <camera camera_id="70">
      <photo path="../../../../../githubProjects/ethopianHead/IMG_20161202_154847.jpg">
        <meta>
          <property name="Exif/ApertureValue" value="2"/>
          <property name="Exif/DateTime" value="2016:12:02 15:48:47"/>
          <property name="Exif/DateTimeOriginal" value="2016:12:02 15:48:47"/>
          <property name="Exif/ExposureTime" value="0.0588235294117647"/>
          <property name="Exif/FNumber" value="2"/>
          <property name="Exif/FocalLength" value="4.26"/>
          <property name="Exif/FocalLengthIn35mmFilm" value="25"/>
          <property name="Exif/ISOSpeedRatings" value="640"/>
          <property name="Exif/Make" value="OnePlus"/>
          <property name="Exif/Model" value="ONEPLUS A3003"/>
          <property name="Exif/ShutterSpeedValue" value="4.058"/>
          <property name="Exif/Software" value="OnePlus3-user 6.0.1 MMB29M 26 dev-keys"/>
          <property name="File/ImageHeight" value="4640"/>
          <property name="File/ImageWidth" value="2610"/>
          <property name="System/FileModifyDate" value="2016:12:02 19:46:48"/>
          <property name="System/FileSize" value="2680142"/>
        </meta>
      </photo>
    </camera>
    <camera camera_id="71">
      <photo path="../../../../../githubProjects/ethopianHead/IMG_20161202_154851.jpg">
        <meta>
          <property name="Exif/ApertureValue" value="2"/>
          <property name="Exif/DateTime" value="2016:12:02 15:48:50"/>
          <property name="Exif/DateTimeOriginal" value="2016:12:02 15:48:50"/>
          <property name="Exif/ExposureTime" value="0.05"/>
          <property name="Exif/FNumber" value="2"/>
          <property name="Exif/FocalLength" value="4.26"/>
          <property name="Exif/FocalLengthIn35mmFilm" value="25"/>
          <property name="Exif/ISOSpeedRatings" value="640"/>
          <property name="Exif/Make" value="OnePlus"/>
          <property name="Exif/Model" value="ONEPLUS A3003"/>
          <property name="Exif/ShutterSpeedValue" value="4.321"/>
          <property name="Exif/Software" value="OnePlus3-user 6.0.1 MMB29M 26 dev-keys"/>
          <property name="File/ImageHeight" value="4640"/>
          <property name="File/ImageWidth" value="2610"/>
          <property name="System/FileModifyDate" value="2016:12:02 19:46:46"/>
          <property name="System/FileSize" value="2610273"/>
        </meta>
      </photo>
    </camera>
    <camera camera_id="72">
      <photo path="../../../../../githubProjects/ethopianHead/IMG_20161202_154902.jpg">
        <meta>
          <property name="Exif/ApertureValue" value="2"/>
          <property name="Exif/DateTime" value="2016:12:02 15:49:02"/>
          <property name="Exif/DateTimeOriginal" value="2016:12:02 15:49:02"/>
          <property name="Exif/ExposureTime" value="0.0588235294117647"/>
          <property name="Exif/FNumber" value="2"/>
          <property name="Exif/FocalLength" value="4.26"/>
          <property name="Exif/FocalLengthIn35mmFilm" value="25"/>
          <property name="Exif/ISOSpeedRatings" value="1000"/>
          <property name="Exif/Make" value="OnePlus"/>
          <property name="Exif/Model" value="ONEPLUS A3003"/>
          <property name="Exif/ShutterSpeedValue" value="4.058"/>
          <property name="Exif/Software" value="OnePlus3-user 6.0.1 MMB29M 26 dev-keys"/>
          <property name="File/ImageHeight" value="4640"/>
          <property name="File/ImageWidth" value="2610"/>
          <property name="System/FileModifyDate" value="2016:12:02 19:46:43"/>
          <property name="System/FileSize" value="2746650"/>
        </meta>
      </photo>
    </camera>
    <camera camera_id="73">
      <photo path="../../../../../githubProjects/ethopianHead/IMG_20161202_154905.jpg">
        <meta>
          <property name="Exif/ApertureValue" value="2"/>
          <property name="Exif/DateTime" value="2016:12:02 15:49:05"/>
          <property name="Exif/DateTimeOriginal" value="2016:12:02 15:49:05"/>
          <property name="Exif/ExposureTime" value="0.0588235294117647"/>
          <property name="Exif/FNumber" value="2"/>
          <property name="Exif/FocalLength" value="4.26"/>
          <property name="Exif/FocalLengthIn35mmFilm" value="25"/>
          <property name="Exif/ISOSpeedRatings" value="800"/>
          <property name="Exif/Make" value="OnePlus"/>
          <property name="Exif/Model" value="ONEPLUS A3003"/>
          <property name="Exif/ShutterSpeedValue" value="4.058"/>
          <property name="Exif/Software" value="OnePlus3-user 6.0.1 MMB29M 26 dev-keys"/>
          <property name="File/ImageHeight" value="4640"/>
          <property name="File/ImageWidth" value="2610"/>
          <property name="System/FileModifyDate" value="2016:12:02 19:46:37"/>
          <property name="System/FileSize" value="2231662"/>
        </meta>
      </photo>
    </camera>
    <camera camera_id="74">
      <photo path="../../../../../githubProjects/ethopianHead/IMG_20161202_154908.jpg">
        <meta>
          <property name="Exif/ApertureValue" value="2"/>
          <property name="Exif/DateTime" value="2016:12:02 15:49:08"/>
          <property name="Exif/DateTimeOriginal" value="2016:12:02 15:49:08"/>
          <property name="Exif/ExposureTime" value="0.0588235294117647"/>
          <property name="Exif/FNumber" value="2"/>
          <property name="Exif/FocalLength" value="4.26"/>
          <property name="Exif/FocalLengthIn35mmFilm" value="25"/>
          <property name="Exif/ISOSpeedRatings" value="1250"/>
          <property name="Exif/Make" value="OnePlus"/>
          <property name="Exif/Model" value="ONEPLUS A3003"/>
          <property name="Exif/ShutterSpeedValue" value="4.058"/>
          <property name="Exif/Software" value="OnePlus3-user 6.0.1 MMB29M 26 dev-keys"/>
          <property name="File/ImageHeight" value="4640"/>
          <property name="File/ImageWidth" value="2610"/>
          <property name="System/FileModifyDate" value="2016:12:02 19:46:38"/>
          <property name="System/FileSize" value="2145228"/>
        </meta>
      </photo>
    </camera>
    <camera camera_id="75">
      <photo path="../../../../../githubProjects/ethopianHead/IMG_20161202_154912.jpg">
        <meta>
          <property name="Exif/ApertureValue" value="2"/>
          <property name="Exif/DateTime" value="2016:12:02 15:49:11"/>
          <property name="Exif/DateTimeOriginal" value="2016:12:02 15:49:11"/>
          <property name="Exif/ExposureTime" value="0.0588235294117647"/>
          <property name="Exif/FNumber" value="2"/>
          <property name="Exif/FocalLength" value="4.26"/>
          <property name="Exif/FocalLengthIn35mmFilm" value="25"/>
          <property name="Exif/ISOSpeedRatings" value="800"/>
          <property name="Exif/Make" value="OnePlus"/>
          <property name="Exif/Model" value="ONEPLUS A3003"/>
          <property name="Exif/ShutterSpeedValue" value="4.058"/>
          <property name="Exif/Software" value="OnePlus3-user 6.0.1 MMB29M 26 dev-keys"/>
          <property name="File/ImageHeight" value="4640"/>
          <property name="File/ImageWidth" value="2610"/>
          <property name="System/FileModifyDate" value="2016:12:02 19:46:40"/>
          <property name="System/FileSize" value="2407627"/>
        </meta>
      </photo>
    </camera>
    <camera camera_id="76">
      <photo path="../../../../../githubProjects/ethopianHead/IMG_20161202_154914.jpg">
        <meta>
          <property name="Exif/ApertureValue" value="2"/>
          <property name="Exif/DateTime" value="2016:12:02 15:49:14"/>
          <property name="Exif/DateTimeOriginal" value="2016:12:02 15:49:14"/>
          <property name="Exif/ExposureTime" value="0.0588235294117647"/>
          <property name="Exif/FNumber" value="2"/>
          <property name="Exif/FocalLength" value="4.26"/>
          <property name="Exif/FocalLengthIn35mmFilm" value="25"/>
          <property name="Exif/ISOSpeedRatings" value="640"/>
          <property name="Exif/Make" value="OnePlus"/>
          <property name="Exif/Model" value="ONEPLUS A3003"/>
          <property name="Exif/ShutterSpeedValue" value="4.058"/>
          <property name="Exif/Software" value="OnePlus3-user 6.0.1 MMB29M 26 dev-keys"/>
          <property name="File/ImageHeight" value="4640"/>
          <property name="File/ImageWidth" value="2610"/>
          <property name="System/FileModifyDate" value="2016:12:02 19:46:34"/>
          <property name="System/FileSize" value="2638378"/>
        </meta>
      </photo>
    </camera>
    <camera camera_id="77">
      <photo path="../../../../../githubProjects/ethopianHead/IMG_20161202_154916.jpg">
        <meta>
          <property name="Exif/ApertureValue" value="2"/>
          <property name="Exif/DateTime" value="2016:12:02 15:49:16"/>
          <property name="Exif/DateTimeOriginal" value="2016:12:02 15:49:16"/>
          <property name="Exif/ExposureTime" value="0.0588235294117647"/>
          <property name="Exif/FNumber" value="2"/>
          <property name="Exif/FocalLength" value="4.26"/>
          <property name="Exif/FocalLengthIn35mmFilm" value="25"/>
          <property name="Exif/ISOSpeedRatings" value="640"/>
          <property name="Exif/Make" value="OnePlus"/>
          <property name="Exif/Model" value="ONEPLUS A3003"/>
          <property name="Exif/ShutterSpeedValue" value="4.058"/>
          <property name="Exif/Software" value="OnePlus3-user 6.0.1 MMB29M 26 dev-keys"/>
          <property name="File/ImageHeight" value="4640"/>
          <property name="File/ImageWidth" value="2610"/>
          <property name="System/FileModifyDate" value="2016:12:02 19:46:31"/>
          <property name="System/FileSize" value="2591695"/>
        </meta>
      </photo>
    </camera>
    <camera camera_id="78">
      <photo path="../../../../../githubProjects/ethopianHead/IMG_20161202_154917.jpg">
        <meta>
          <property name="Exif/ApertureValue" value="2"/>
          <property name="Exif/DateTime" value="2016:12:02 15:49:17"/>
          <property name="Exif/DateTimeOriginal" value="2016:12:02 15:49:17"/>
          <property name="Exif/ExposureTime" value="0.0588235294117647"/>
          <property name="Exif/FNumber" value="2"/>
          <property name="Exif/FocalLength" value="4.26"/>
          <property name="Exif/FocalLengthIn35mmFilm" value="25"/>
          <property name="Exif/ISOSpeedRatings" value="640"/>
          <property name="Exif/Make" value="OnePlus"/>
          <property name="Exif/Model" value="ONEPLUS A3003"/>
          <property name="Exif/ShutterSpeedValue" value="4.058"/>
          <property name="Exif/Software" value="OnePlus3-user 6.0.1 MMB29M 26 dev-keys"/>
          <property name="File/ImageHeight" value="4640"/>
          <property name="File/ImageWidth" value="2610"/>
          <property name="System/FileModifyDate" value="2016:12:02 19:46:28"/>
          <property name="System/FileSize" value="2682577"/>
        </meta>
      </photo>
    </camera>
    <camera camera_id="79">
      <photo path="../../../../../githubProjects/ethopianHead/IMG_20161202_154919.jpg">
        <meta>
          <property name="Exif/ApertureValue" value="2"/>
          <property name="Exif/DateTime" value="2016:12:02 15:49:19"/>
          <property name="Exif/DateTimeOriginal" value="2016:12:02 15:49:19"/>
          <property name="Exif/ExposureTime" value="0.0588235294117647"/>
          <property name="Exif/FNumber" value="2"/>
          <property name="Exif/FocalLength" value="4.26"/>
          <property name="Exif/FocalLengthIn35mmFilm" value="25"/>
          <property name="Exif/ISOSpeedRatings" value="640"/>
          <property name="Exif/Make" value="OnePlus"/>
          <property name="Exif/Model" value="ONEPLUS A3003"/>
          <property name="Exif/ShutterSpeedValue" value="4.058"/>
          <property name="Exif/Software" value="OnePlus3-user 6.0.1 MMB29M 26 dev-keys"/>
          <property name="File/ImageHeight" value="4640"/>
          <property name="File/ImageWidth" value="2610"/>
          <property name="System/FileModifyDate" value="2016:12:02 19:46:25"/>
          <property name="System/FileSize" value="2375707"/>
        </meta>
      </photo>
    </camera>
    <camera camera_id="80">
      <photo path="../../../../../githubProjects/ethopianHead/IMG_20161202_154924.jpg">
        <meta>
          <property name="Exif/ApertureValue" value="2"/>
          <property name="Exif/DateTime" value="2016:12:02 15:49:24"/>
          <property name="Exif/DateTimeOriginal" value="2016:12:02 15:49:24"/>
          <property name="Exif/ExposureTime" value="0.0588235294117647"/>
          <property name="Exif/FNumber" value="2"/>
          <property name="Exif/FocalLength" value="4.26"/>
          <property name="Exif/FocalLengthIn35mmFilm" value="25"/>
          <property name="Exif/ISOSpeedRatings" value="800"/>
          <property name="Exif/Make" value="OnePlus"/>
          <property name="Exif/Model" value="ONEPLUS A3003"/>
          <property name="Exif/ShutterSpeedValue" value="4.058"/>
          <property name="Exif/Software" value="OnePlus3-user 6.0.1 MMB29M 26 dev-keys"/>
          <property name="File/ImageHeight" value="4640"/>
          <property name="File/ImageWidth" value="2610"/>
          <property name="System/FileModifyDate" value="2016:12:02 19:46:22"/>
          <property name="System/FileSize" value="2688204"/>
        </meta>
      </photo>
    </camera>
  </cameras>
  <thumbnails path="thumbnails/thumbnails.zip"/>
  <point_cloud path="point_cloud/point_cloud.zip"/>
  <depth_maps path="depth_maps/depth_maps.zip"/>
  <dense_cloud path="dense_cloud/dense_cloud.zip"/>
</frame>
