<?xml version="1.0" encoding="UTF-8"?>
<point_cloud version="1.2.0">
  <tracks path="tracks.ply" count="22406"/>
  <points path="points.ply" count="17832"/>
  <projections camera_id="63" path="p63.ply" count="4516"/>
  <projections camera_id="64" path="p64.ply" count="4750"/>
  <projections camera_id="65" path="p65.ply" count="4898"/>
  <projections camera_id="66" path="p66.ply" count="4177"/>
  <projections camera_id="67" path="p67.ply" count="4054"/>
  <projections camera_id="68" path="p68.ply" count="4051"/>
  <projections camera_id="69" path="p69.ply" count="3531"/>
  <projections camera_id="70" path="p70.ply" count="4291"/>
  <projections camera_id="71" path="p71.ply" count="4538"/>
  <projections camera_id="72" path="p72.ply" count="4045"/>
  <projections camera_id="73" path="p73.ply" count="4040"/>
  <projections camera_id="74" path="p74.ply" count="2623"/>
  <projections camera_id="75" path="p75.ply" count="2152"/>
  <projections camera_id="76" path="p76.ply" count="4204"/>
  <projections camera_id="77" path="p77.ply" count="4094"/>
  <projections camera_id="78" path="p78.ply" count="4377"/>
  <projections camera_id="79" path="p79.ply" count="4030"/>
  <projections camera_id="80" path="p80.ply" count="4555"/>
  <projections camera_id="81" path="p81.ply" count="4474"/>
  <projections camera_id="82" path="p82.ply" count="4024"/>
  <projections camera_id="83" path="p83.ply" count="3737"/>
  <projections camera_id="84" path="p84.ply" count="4462"/>
  <projections camera_id="85" path="p85.ply" count="4021"/>
  <projections camera_id="86" path="p86.ply" count="4551"/>
  <projections camera_id="87" path="p87.ply" count="4006"/>
  <projections camera_id="88" path="p88.ply" count="4023"/>
  <projections camera_id="89" path="p89.ply" count="3984"/>
  <projections camera_id="90" path="p90.ply" count="3287"/>
  <projections camera_id="91" path="p91.ply" count="2492"/>
  <projections camera_id="92" path="p92.ply" count="4115"/>
  <projections camera_id="93" path="p93.ply" count="4240"/>
  <projections camera_id="94" path="p94.ply" count="4470"/>
  <projections camera_id="95" path="p95.ply" count="4190"/>
  <projections camera_id="96" path="p96.ply" count="4726"/>
  <projections camera_id="97" path="p97.ply" count="4573"/>
  <meta>
    <property name="match/duration" value="1412.665852"/>
    <property name="match/match_downscale" value="1"/>
    <property name="match/match_filter_mask" value="false"/>
    <property name="match/match_point_limit" value="40000"/>
    <property name="match/match_select_pairs" value="1"/>
    <property name="match/match_tiepoint_limit" value="4000"/>
  </meta>
</point_cloud>
