<?xml version="1.0" encoding="UTF-8"?>
<point_cloud version="1.2.0">
  <tracks path="tracks.ply" count="65376"/>
  <points path="points.ply" count="58839"/>
  <projections camera_id="0" path="p0.ply" count="3454"/>
  <projections camera_id="1" path="p1.ply" count="4408"/>
  <projections camera_id="2" path="p2.ply" count="4213"/>
  <projections camera_id="3" path="p3.ply" count="4164"/>
  <projections camera_id="4" path="p4.ply" count="4180"/>
  <projections camera_id="5" path="p5.ply" count="4059"/>
  <projections camera_id="6" path="p6.ply" count="4012"/>
  <projections camera_id="7" path="p7.ply" count="4079"/>
  <projections camera_id="8" path="p8.ply" count="4196"/>
  <projections camera_id="9" path="p9.ply" count="4267"/>
  <projections camera_id="10" path="p10.ply" count="4289"/>
  <projections camera_id="11" path="p11.ply" count="4169"/>
  <projections camera_id="12" path="p12.ply" count="4165"/>
  <projections camera_id="13" path="p13.ply" count="4063"/>
  <projections camera_id="14" path="p14.ply" count="4028"/>
  <projections camera_id="15" path="p15.ply" count="3989"/>
  <projections camera_id="16" path="p16.ply" count="4030"/>
  <projections camera_id="17" path="p17.ply" count="4023"/>
  <projections camera_id="18" path="p18.ply" count="4096"/>
  <projections camera_id="19" path="p19.ply" count="4170"/>
  <projections camera_id="20" path="p20.ply" count="4134"/>
  <projections camera_id="21" path="p21.ply" count="4227"/>
  <projections camera_id="22" path="p22.ply" count="4120"/>
  <projections camera_id="23" path="p23.ply" count="4110"/>
  <projections camera_id="24" path="p24.ply" count="4194"/>
  <projections camera_id="25" path="p25.ply" count="4063"/>
  <projections camera_id="26" path="p26.ply" count="4094"/>
  <projections camera_id="27" path="p27.ply" count="4131"/>
  <projections camera_id="28" path="p28.ply" count="4009"/>
  <projections camera_id="29" path="p29.ply" count="4084"/>
  <projections camera_id="30" path="p30.ply" count="4150"/>
  <projections camera_id="32" path="p32.ply" count="4056"/>
  <projections camera_id="33" path="p33.ply" count="4106"/>
  <projections camera_id="34" path="p34.ply" count="4066"/>
  <projections camera_id="35" path="p35.ply" count="3990"/>
  <projections camera_id="36" path="p36.ply" count="4076"/>
  <projections camera_id="37" path="p37.ply" count="4157"/>
  <projections camera_id="38" path="p38.ply" count="4145"/>
  <projections camera_id="39" path="p39.ply" count="4073"/>
  <projections camera_id="40" path="p40.ply" count="4084"/>
  <projections camera_id="41" path="p41.ply" count="4225"/>
  <projections camera_id="42" path="p42.ply" count="3838"/>
  <projections camera_id="43" path="p43.ply" count="4017"/>
  <projections camera_id="44" path="p44.ply" count="4005"/>
  <projections camera_id="45" path="p45.ply" count="4166"/>
  <projections camera_id="46" path="p46.ply" count="4013"/>
  <projections camera_id="47" path="p47.ply" count="4190"/>
  <projections camera_id="48" path="p48.ply" count="4097"/>
  <projections camera_id="49" path="p49.ply" count="4106"/>
  <projections camera_id="50" path="p50.ply" count="4275"/>
  <projections camera_id="51" path="p51.ply" count="4067"/>
  <projections camera_id="52" path="p52.ply" count="4024"/>
  <projections camera_id="53" path="p53.ply" count="4000"/>
  <projections camera_id="54" path="p54.ply" count="4063"/>
  <projections camera_id="55" path="p55.ply" count="4121"/>
  <projections camera_id="56" path="p56.ply" count="4204"/>
  <projections camera_id="57" path="p57.ply" count="4253"/>
  <projections camera_id="58" path="p58.ply" count="3561"/>
  <projections camera_id="59" path="p59.ply" count="828"/>
  <projections camera_id="60" path="p60.ply" count="1963"/>
  <projections camera_id="61" path="p61.ply" count="2140"/>
  <projections camera_id="62" path="p62.ply" count="2187"/>
  <projections camera_id="63" path="p63.ply" count="1838"/>
  <projections camera_id="65" path="p65.ply" count="390"/>
  <meta>
    <property name="match/duration" value="704.589538"/>
    <property name="match/match_downscale" value="1"/>
    <property name="match/match_filter_mask" value="true"/>
    <property name="match/match_point_limit" value="40000"/>
    <property name="match/match_select_pairs" value="1"/>
    <property name="match/match_tiepoint_limit" value="4000"/>
  </meta>
</point_cloud>
