<?xml version="1.0" encoding="UTF-8"?>
<thumbnails version="1.2.0">
  <thumbnail camera_id="63" path="c63.jpg"/>
  <thumbnail camera_id="65" path="c65.jpg"/>
  <thumbnail camera_id="66" path="c66.jpg"/>
  <thumbnail camera_id="67" path="c67.jpg"/>
  <thumbnail camera_id="68" path="c68.jpg"/>
  <thumbnail camera_id="69" path="c69.jpg"/>
  <thumbnail camera_id="70" path="c70.jpg"/>
  <thumbnail camera_id="71" path="c71.jpg"/>
  <thumbnail camera_id="72" path="c72.jpg"/>
  <thumbnail camera_id="73" path="c73.jpg"/>
  <thumbnail camera_id="74" path="c74.jpg"/>
  <thumbnail camera_id="75" path="c75.jpg"/>
  <thumbnail camera_id="76" path="c76.jpg"/>
  <thumbnail camera_id="77" path="c77.jpg"/>
  <thumbnail camera_id="78" path="c78.jpg"/>
  <thumbnail camera_id="79" path="c79.jpg"/>
  <thumbnail camera_id="81" path="c81.jpg"/>
  <thumbnail camera_id="82" path="c82.jpg"/>
  <thumbnail camera_id="83" path="c83.jpg"/>
  <thumbnail camera_id="84" path="c84.jpg"/>
  <thumbnail camera_id="85" path="c85.jpg"/>
  <thumbnail camera_id="87" path="c87.jpg"/>
  <thumbnail camera_id="88" path="c88.jpg"/>
  <thumbnail camera_id="89" path="c89.jpg"/>
  <thumbnail camera_id="90" path="c90.jpg"/>
  <thumbnail camera_id="91" path="c91.jpg"/>
  <thumbnail camera_id="92" path="c92.jpg"/>
  <thumbnail camera_id="93" path="c93.jpg"/>
  <thumbnail camera_id="94" path="c94.jpg"/>
  <thumbnail camera_id="95" path="c95.jpg"/>
  <thumbnail camera_id="96" path="c96.jpg"/>
  <thumbnail camera_id="97" path="c97.jpg"/>
</thumbnails>
