<?xml version="1.0" encoding="UTF-8"?>
<point_cloud version="1.2.0">
  <tracks path="tracks.ply" count="72976"/>
  <points path="points.ply" count="46280"/>
  <projections camera_id="0" path="p0.ply" count="1951"/>
  <projections camera_id="1" path="p1.ply" count="1792"/>
  <projections camera_id="2" path="p2.ply" count="1742"/>
  <projections camera_id="3" path="p3.ply" count="3052"/>
  <projections camera_id="4" path="p4.ply" count="4016"/>
  <projections camera_id="5" path="p5.ply" count="4028"/>
  <projections camera_id="6" path="p6.ply" count="4004"/>
  <projections camera_id="7" path="p7.ply" count="3991"/>
  <projections camera_id="8" path="p8.ply" count="3535"/>
  <projections camera_id="9" path="p9.ply" count="3273"/>
  <projections camera_id="10" path="p10.ply" count="3471"/>
  <projections camera_id="11" path="p11.ply" count="4008"/>
  <projections camera_id="12" path="p12.ply" count="3473"/>
  <projections camera_id="13" path="p13.ply" count="4097"/>
  <projections camera_id="14" path="p14.ply" count="4006"/>
  <projections camera_id="15" path="p15.ply" count="3998"/>
  <projections camera_id="16" path="p16.ply" count="4009"/>
  <projections camera_id="17" path="p17.ply" count="4016"/>
  <projections camera_id="18" path="p18.ply" count="4502"/>
  <projections camera_id="19" path="p19.ply" count="4502"/>
  <projections camera_id="20" path="p20.ply" count="4012"/>
  <projections camera_id="21" path="p21.ply" count="4005"/>
  <projections camera_id="22" path="p22.ply" count="3649"/>
  <projections camera_id="23" path="p23.ply" count="3655"/>
  <projections camera_id="24" path="p24.ply" count="3847"/>
  <projections camera_id="25" path="p25.ply" count="3664"/>
  <projections camera_id="26" path="p26.ply" count="3049"/>
  <projections camera_id="27" path="p27.ply" count="2669"/>
  <projections camera_id="28" path="p28.ply" count="2399"/>
  <projections camera_id="29" path="p29.ply" count="1782"/>
  <projections camera_id="30" path="p30.ply" count="1296"/>
  <projections camera_id="31" path="p31.ply" count="1289"/>
  <projections camera_id="32" path="p32.ply" count="1776"/>
  <projections camera_id="33" path="p33.ply" count="2140"/>
  <projections camera_id="34" path="p34.ply" count="1967"/>
  <projections camera_id="35" path="p35.ply" count="1110"/>
  <projections camera_id="36" path="p36.ply" count="1381"/>
  <projections camera_id="37" path="p37.ply" count="1373"/>
  <projections camera_id="38" path="p38.ply" count="1582"/>
  <projections camera_id="39" path="p39.ply" count="1714"/>
  <projections camera_id="40" path="p40.ply" count="1257"/>
  <projections camera_id="41" path="p41.ply" count="1806"/>
  <projections camera_id="42" path="p42.ply" count="1627"/>
  <projections camera_id="43" path="p43.ply" count="952"/>
  <projections camera_id="44" path="p44.ply" count="1990"/>
  <projections camera_id="45" path="p45.ply" count="2032"/>
  <projections camera_id="46" path="p46.ply" count="953"/>
  <projections camera_id="47" path="p47.ply" count="2022"/>
  <projections camera_id="48" path="p48.ply" count="1906"/>
  <projections camera_id="49" path="p49.ply" count="1808"/>
  <projections camera_id="50" path="p50.ply" count="2154"/>
  <projections camera_id="51" path="p51.ply" count="1915"/>
  <projections camera_id="52" path="p52.ply" count="2303"/>
  <projections camera_id="53" path="p53.ply" count="2055"/>
  <projections camera_id="54" path="p54.ply" count="2292"/>
  <projections camera_id="55" path="p55.ply" count="2300"/>
  <projections camera_id="56" path="p56.ply" count="1139"/>
  <projections camera_id="57" path="p57.ply" count="1407"/>
  <projections camera_id="58" path="p58.ply" count="1776"/>
  <projections camera_id="59" path="p59.ply" count="1965"/>
  <projections camera_id="60" path="p60.ply" count="1801"/>
  <projections camera_id="61" path="p61.ply" count="1450"/>
  <projections camera_id="62" path="p62.ply" count="1196"/>
  <projections camera_id="63" path="p63.ply" count="4032"/>
  <projections camera_id="64" path="p64.ply" count="4502"/>
  <projections camera_id="65" path="p65.ply" count="4019"/>
  <projections camera_id="66" path="p66.ply" count="4106"/>
  <projections camera_id="67" path="p67.ply" count="2202"/>
  <projections camera_id="68" path="p68.ply" count="4204"/>
  <projections camera_id="69" path="p69.ply" count="4036"/>
  <projections camera_id="70" path="p70.ply" count="4001"/>
  <projections camera_id="71" path="p71.ply" count="3189"/>
  <projections camera_id="72" path="p72.ply" count="3312"/>
  <projections camera_id="73" path="p73.ply" count="2367"/>
  <projections camera_id="74" path="p74.ply" count="2757"/>
  <projections camera_id="75" path="p75.ply" count="4030"/>
  <projections camera_id="76" path="p76.ply" count="3983"/>
  <projections camera_id="77" path="p77.ply" count="4013"/>
  <projections camera_id="78" path="p78.ply" count="4054"/>
  <projections camera_id="79" path="p79.ply" count="2373"/>
  <projections camera_id="80" path="p80.ply" count="4167"/>
  <meta>
    <property name="match/duration" value="3019.286827"/>
    <property name="match/match_downscale" value="1"/>
    <property name="match/match_filter_mask" value="true"/>
    <property name="match/match_point_limit" value="40000"/>
    <property name="match/match_select_pairs" value="0"/>
    <property name="match/match_tiepoint_limit" value="4000"/>
  </meta>
</point_cloud>
