<?xml version="1.0" encoding="UTF-8"?>
<frame>
  <cameras>
    <camera camera_id="0">
      <photo path="../../../../research/micropasts/models/headfromethiopia/working/DSC_0007.JPG">
        <meta>
          <property name="Exif/DateTime" value="2015:09:11 10:14:33"/>
          <property name="Exif/DateTimeOriginal" value="2015:09:11 10:14:33"/>
          <property name="Exif/ExposureTime" value="0.1"/>
          <property name="Exif/FNumber" value="8"/>
          <property name="Exif/FocalLength" value="31"/>
          <property name="Exif/FocalLengthIn35mmFilm" value="46"/>
          <property name="Exif/ISOSpeedRatings" value="400"/>
          <property name="Exif/Make" value="NIKON CORPORATION"/>
          <property name="Exif/Model" value="NIKON D3300"/>
          <property name="Exif/Orientation" value="1"/>
          <property name="Exif/Software" value="Ver.1.00 "/>
          <property name="File/ImageHeight" value="4000"/>
          <property name="File/ImageWidth" value="6000"/>
          <property name="System/FileModifyDate" value="2016:01:04 23:13:50"/>
          <property name="System/FileSize" value="10168458"/>
        </meta>
      </photo>
    </camera>
    <camera camera_id="1">
      <photo path="../../../../research/micropasts/models/headfromethiopia/working/DSC_0008.JPG">
        <meta>
          <property name="Exif/DateTime" value="2015:09:11 10:14:42"/>
          <property name="Exif/DateTimeOriginal" value="2015:09:11 10:14:42"/>
          <property name="Exif/ExposureTime" value="0.1"/>
          <property name="Exif/FNumber" value="8"/>
          <property name="Exif/FocalLength" value="31"/>
          <property name="Exif/FocalLengthIn35mmFilm" value="46"/>
          <property name="Exif/ISOSpeedRatings" value="400"/>
          <property name="Exif/Make" value="NIKON CORPORATION"/>
          <property name="Exif/Model" value="NIKON D3300"/>
          <property name="Exif/Orientation" value="1"/>
          <property name="Exif/Software" value="Ver.1.00 "/>
          <property name="File/ImageHeight" value="4000"/>
          <property name="File/ImageWidth" value="6000"/>
          <property name="System/FileModifyDate" value="2016:01:04 23:13:55"/>
          <property name="System/FileSize" value="9913444"/>
        </meta>
      </photo>
    </camera>
    <camera camera_id="2">
      <photo path="../../../../research/micropasts/models/headfromethiopia/working/DSC_0009.JPG">
        <meta>
          <property name="Exif/DateTime" value="2015:09:11 10:14:53"/>
          <property name="Exif/DateTimeOriginal" value="2015:09:11 10:14:53"/>
          <property name="Exif/ExposureTime" value="0.1"/>
          <property name="Exif/FNumber" value="8"/>
          <property name="Exif/FocalLength" value="31"/>
          <property name="Exif/FocalLengthIn35mmFilm" value="46"/>
          <property name="Exif/ISOSpeedRatings" value="400"/>
          <property name="Exif/Make" value="NIKON CORPORATION"/>
          <property name="Exif/Model" value="NIKON D3300"/>
          <property name="Exif/Orientation" value="1"/>
          <property name="Exif/Software" value="Ver.1.00 "/>
          <property name="File/ImageHeight" value="4000"/>
          <property name="File/ImageWidth" value="6000"/>
          <property name="System/FileModifyDate" value="2016:01:04 23:14:00"/>
          <property name="System/FileSize" value="9893896"/>
        </meta>
      </photo>
    </camera>
    <camera camera_id="3">
      <photo path="../../../../research/micropasts/models/headfromethiopia/working/DSC_0010.JPG">
        <meta>
          <property name="Exif/DateTime" value="2015:09:11 10:15:01"/>
          <property name="Exif/DateTimeOriginal" value="2015:09:11 10:15:01"/>
          <property name="Exif/ExposureTime" value="0.1"/>
          <property name="Exif/FNumber" value="8"/>
          <property name="Exif/FocalLength" value="31"/>
          <property name="Exif/FocalLengthIn35mmFilm" value="46"/>
          <property name="Exif/ISOSpeedRatings" value="400"/>
          <property name="Exif/Make" value="NIKON CORPORATION"/>
          <property name="Exif/Model" value="NIKON D3300"/>
          <property name="Exif/Orientation" value="1"/>
          <property name="Exif/Software" value="Ver.1.00 "/>
          <property name="File/ImageHeight" value="4000"/>
          <property name="File/ImageWidth" value="6000"/>
          <property name="System/FileModifyDate" value="2016:01:04 23:14:05"/>
          <property name="System/FileSize" value="10016509"/>
        </meta>
      </photo>
    </camera>
    <camera camera_id="4">
      <photo path="../../../../research/micropasts/models/headfromethiopia/working/DSC_0011.JPG">
        <meta>
          <property name="Exif/DateTime" value="2015:09:11 10:15:09"/>
          <property name="Exif/DateTimeOriginal" value="2015:09:11 10:15:09"/>
          <property name="Exif/ExposureTime" value="0.1"/>
          <property name="Exif/FNumber" value="8"/>
          <property name="Exif/FocalLength" value="31"/>
          <property name="Exif/FocalLengthIn35mmFilm" value="46"/>
          <property name="Exif/ISOSpeedRatings" value="400"/>
          <property name="Exif/Make" value="NIKON CORPORATION"/>
          <property name="Exif/Model" value="NIKON D3300"/>
          <property name="Exif/Orientation" value="1"/>
          <property name="Exif/Software" value="Ver.1.00 "/>
          <property name="File/ImageHeight" value="4000"/>
          <property name="File/ImageWidth" value="6000"/>
          <property name="System/FileModifyDate" value="2016:01:04 23:14:10"/>
          <property name="System/FileSize" value="9994095"/>
        </meta>
      </photo>
    </camera>
    <camera camera_id="5">
      <photo path="../../../../research/micropasts/models/headfromethiopia/working/DSC_0012.JPG">
        <meta>
          <property name="Exif/DateTime" value="2015:09:11 10:15:16"/>
          <property name="Exif/DateTimeOriginal" value="2015:09:11 10:15:16"/>
          <property name="Exif/ExposureTime" value="0.1"/>
          <property name="Exif/FNumber" value="8"/>
          <property name="Exif/FocalLength" value="31"/>
          <property name="Exif/FocalLengthIn35mmFilm" value="46"/>
          <property name="Exif/ISOSpeedRatings" value="400"/>
          <property name="Exif/Make" value="NIKON CORPORATION"/>
          <property name="Exif/Model" value="NIKON D3300"/>
          <property name="Exif/Orientation" value="1"/>
          <property name="Exif/Software" value="Ver.1.00 "/>
          <property name="File/ImageHeight" value="4000"/>
          <property name="File/ImageWidth" value="6000"/>
          <property name="System/FileModifyDate" value="2016:01:04 23:14:14"/>
          <property name="System/FileSize" value="10155096"/>
        </meta>
      </photo>
    </camera>
    <camera camera_id="6">
      <photo path="../../../../research/micropasts/models/headfromethiopia/working/DSC_0013.JPG">
        <meta>
          <property name="Exif/DateTime" value="2015:09:11 10:15:23"/>
          <property name="Exif/DateTimeOriginal" value="2015:09:11 10:15:23"/>
          <property name="Exif/ExposureTime" value="0.1"/>
          <property name="Exif/FNumber" value="8"/>
          <property name="Exif/FocalLength" value="31"/>
          <property name="Exif/FocalLengthIn35mmFilm" value="46"/>
          <property name="Exif/ISOSpeedRatings" value="400"/>
          <property name="Exif/Make" value="NIKON CORPORATION"/>
          <property name="Exif/Model" value="NIKON D3300"/>
          <property name="Exif/Orientation" value="1"/>
          <property name="Exif/Software" value="Ver.1.00 "/>
          <property name="File/ImageHeight" value="4000"/>
          <property name="File/ImageWidth" value="6000"/>
          <property name="System/FileModifyDate" value="2016:01:04 23:14:19"/>
          <property name="System/FileSize" value="10235243"/>
        </meta>
      </photo>
    </camera>
    <camera camera_id="7">
      <photo path="../../../../research/micropasts/models/headfromethiopia/working/DSC_0014.JPG">
        <meta>
          <property name="Exif/DateTime" value="2015:09:11 10:15:30"/>
          <property name="Exif/DateTimeOriginal" value="2015:09:11 10:15:30"/>
          <property name="Exif/ExposureTime" value="0.1"/>
          <property name="Exif/FNumber" value="8"/>
          <property name="Exif/FocalLength" value="31"/>
          <property name="Exif/FocalLengthIn35mmFilm" value="46"/>
          <property name="Exif/ISOSpeedRatings" value="400"/>
          <property name="Exif/Make" value="NIKON CORPORATION"/>
          <property name="Exif/Model" value="NIKON D3300"/>
          <property name="Exif/Orientation" value="1"/>
          <property name="Exif/Software" value="Ver.1.00 "/>
          <property name="File/ImageHeight" value="4000"/>
          <property name="File/ImageWidth" value="6000"/>
          <property name="System/FileModifyDate" value="2016:01:04 23:14:24"/>
          <property name="System/FileSize" value="10054698"/>
        </meta>
      </photo>
    </camera>
    <camera camera_id="8">
      <photo path="../../../../research/micropasts/models/headfromethiopia/working/DSC_0015.JPG">
        <meta>
          <property name="Exif/DateTime" value="2015:09:11 10:15:38"/>
          <property name="Exif/DateTimeOriginal" value="2015:09:11 10:15:38"/>
          <property name="Exif/ExposureTime" value="0.1"/>
          <property name="Exif/FNumber" value="8"/>
          <property name="Exif/FocalLength" value="31"/>
          <property name="Exif/FocalLengthIn35mmFilm" value="46"/>
          <property name="Exif/ISOSpeedRatings" value="400"/>
          <property name="Exif/Make" value="NIKON CORPORATION"/>
          <property name="Exif/Model" value="NIKON D3300"/>
          <property name="Exif/Orientation" value="1"/>
          <property name="Exif/Software" value="Ver.1.00 "/>
          <property name="File/ImageHeight" value="4000"/>
          <property name="File/ImageWidth" value="6000"/>
          <property name="System/FileModifyDate" value="2016:01:04 23:14:29"/>
          <property name="System/FileSize" value="10124803"/>
        </meta>
      </photo>
    </camera>
    <camera camera_id="9">
      <photo path="../../../../research/micropasts/models/headfromethiopia/working/DSC_0016.JPG">
        <meta>
          <property name="Exif/DateTime" value="2015:09:11 10:15:46"/>
          <property name="Exif/DateTimeOriginal" value="2015:09:11 10:15:46"/>
          <property name="Exif/ExposureTime" value="0.1"/>
          <property name="Exif/FNumber" value="8"/>
          <property name="Exif/FocalLength" value="31"/>
          <property name="Exif/FocalLengthIn35mmFilm" value="46"/>
          <property name="Exif/ISOSpeedRatings" value="400"/>
          <property name="Exif/Make" value="NIKON CORPORATION"/>
          <property name="Exif/Model" value="NIKON D3300"/>
          <property name="Exif/Orientation" value="1"/>
          <property name="Exif/Software" value="Ver.1.00 "/>
          <property name="File/ImageHeight" value="4000"/>
          <property name="File/ImageWidth" value="6000"/>
          <property name="System/FileModifyDate" value="2016:01:04 23:14:34"/>
          <property name="System/FileSize" value="10091356"/>
        </meta>
      </photo>
    </camera>
    <camera camera_id="10">
      <photo path="../../../../research/micropasts/models/headfromethiopia/working/DSC_0017.JPG">
        <meta>
          <property name="Exif/DateTime" value="2015:09:11 10:15:53"/>
          <property name="Exif/DateTimeOriginal" value="2015:09:11 10:15:53"/>
          <property name="Exif/ExposureTime" value="0.1"/>
          <property name="Exif/FNumber" value="8"/>
          <property name="Exif/FocalLength" value="31"/>
          <property name="Exif/FocalLengthIn35mmFilm" value="46"/>
          <property name="Exif/ISOSpeedRatings" value="400"/>
          <property name="Exif/Make" value="NIKON CORPORATION"/>
          <property name="Exif/Model" value="NIKON D3300"/>
          <property name="Exif/Orientation" value="1"/>
          <property name="Exif/Software" value="Ver.1.00 "/>
          <property name="File/ImageHeight" value="4000"/>
          <property name="File/ImageWidth" value="6000"/>
          <property name="System/FileModifyDate" value="2016:01:04 23:14:39"/>
          <property name="System/FileSize" value="9945580"/>
        </meta>
      </photo>
    </camera>
    <camera camera_id="11">
      <photo path="../../../../research/micropasts/models/headfromethiopia/working/DSC_0018.JPG">
        <meta>
          <property name="Exif/DateTime" value="2015:09:11 10:16:02"/>
          <property name="Exif/DateTimeOriginal" value="2015:09:11 10:16:02"/>
          <property name="Exif/ExposureTime" value="0.1"/>
          <property name="Exif/FNumber" value="8"/>
          <property name="Exif/FocalLength" value="31"/>
          <property name="Exif/FocalLengthIn35mmFilm" value="46"/>
          <property name="Exif/ISOSpeedRatings" value="400"/>
          <property name="Exif/Make" value="NIKON CORPORATION"/>
          <property name="Exif/Model" value="NIKON D3300"/>
          <property name="Exif/Orientation" value="1"/>
          <property name="Exif/Software" value="Ver.1.00 "/>
          <property name="File/ImageHeight" value="4000"/>
          <property name="File/ImageWidth" value="6000"/>
          <property name="System/FileModifyDate" value="2016:01:04 23:14:44"/>
          <property name="System/FileSize" value="10375058"/>
        </meta>
      </photo>
    </camera>
    <camera camera_id="12">
      <photo path="../../../../research/micropasts/models/headfromethiopia/working/DSC_0019.JPG">
        <meta>
          <property name="Exif/DateTime" value="2015:09:11 10:16:10"/>
          <property name="Exif/DateTimeOriginal" value="2015:09:11 10:16:10"/>
          <property name="Exif/ExposureTime" value="0.1"/>
          <property name="Exif/FNumber" value="8"/>
          <property name="Exif/FocalLength" value="31"/>
          <property name="Exif/FocalLengthIn35mmFilm" value="46"/>
          <property name="Exif/ISOSpeedRatings" value="400"/>
          <property name="Exif/Make" value="NIKON CORPORATION"/>
          <property name="Exif/Model" value="NIKON D3300"/>
          <property name="Exif/Orientation" value="1"/>
          <property name="Exif/Software" value="Ver.1.00 "/>
          <property name="File/ImageHeight" value="4000"/>
          <property name="File/ImageWidth" value="6000"/>
          <property name="System/FileModifyDate" value="2016:01:04 23:14:49"/>
          <property name="System/FileSize" value="10278454"/>
        </meta>
      </photo>
    </camera>
    <camera camera_id="13">
      <photo path="../../../../research/micropasts/models/headfromethiopia/working/DSC_0020.JPG">
        <meta>
          <property name="Exif/DateTime" value="2015:09:11 10:16:17"/>
          <property name="Exif/DateTimeOriginal" value="2015:09:11 10:16:17"/>
          <property name="Exif/ExposureTime" value="0.1"/>
          <property name="Exif/FNumber" value="8"/>
          <property name="Exif/FocalLength" value="31"/>
          <property name="Exif/FocalLengthIn35mmFilm" value="46"/>
          <property name="Exif/ISOSpeedRatings" value="400"/>
          <property name="Exif/Make" value="NIKON CORPORATION"/>
          <property name="Exif/Model" value="NIKON D3300"/>
          <property name="Exif/Orientation" value="1"/>
          <property name="Exif/Software" value="Ver.1.00 "/>
          <property name="File/ImageHeight" value="4000"/>
          <property name="File/ImageWidth" value="6000"/>
          <property name="System/FileModifyDate" value="2016:01:04 23:14:54"/>
          <property name="System/FileSize" value="10303176"/>
        </meta>
      </photo>
    </camera>
    <camera camera_id="14">
      <photo path="../../../../research/micropasts/models/headfromethiopia/working/DSC_0021.JPG">
        <meta>
          <property name="Exif/DateTime" value="2015:09:11 10:16:23"/>
          <property name="Exif/DateTimeOriginal" value="2015:09:11 10:16:23"/>
          <property name="Exif/ExposureTime" value="0.1"/>
          <property name="Exif/FNumber" value="8"/>
          <property name="Exif/FocalLength" value="31"/>
          <property name="Exif/FocalLengthIn35mmFilm" value="46"/>
          <property name="Exif/ISOSpeedRatings" value="400"/>
          <property name="Exif/Make" value="NIKON CORPORATION"/>
          <property name="Exif/Model" value="NIKON D3300"/>
          <property name="Exif/Orientation" value="1"/>
          <property name="Exif/Software" value="Ver.1.00 "/>
          <property name="File/ImageHeight" value="4000"/>
          <property name="File/ImageWidth" value="6000"/>
          <property name="System/FileModifyDate" value="2016:01:04 23:14:59"/>
          <property name="System/FileSize" value="10332581"/>
        </meta>
      </photo>
    </camera>
    <camera camera_id="15">
      <photo path="../../../../research/micropasts/models/headfromethiopia/working/DSC_0022.JPG">
        <meta>
          <property name="Exif/DateTime" value="2015:09:11 10:16:30"/>
          <property name="Exif/DateTimeOriginal" value="2015:09:11 10:16:30"/>
          <property name="Exif/ExposureTime" value="0.1"/>
          <property name="Exif/FNumber" value="8"/>
          <property name="Exif/FocalLength" value="31"/>
          <property name="Exif/FocalLengthIn35mmFilm" value="46"/>
          <property name="Exif/ISOSpeedRatings" value="400"/>
          <property name="Exif/Make" value="NIKON CORPORATION"/>
          <property name="Exif/Model" value="NIKON D3300"/>
          <property name="Exif/Orientation" value="1"/>
          <property name="Exif/Software" value="Ver.1.00 "/>
          <property name="File/ImageHeight" value="4000"/>
          <property name="File/ImageWidth" value="6000"/>
          <property name="System/FileModifyDate" value="2016:01:04 23:15:04"/>
          <property name="System/FileSize" value="10435444"/>
        </meta>
      </photo>
    </camera>
    <camera camera_id="16">
      <photo path="../../../../research/micropasts/models/headfromethiopia/working/DSC_0023.JPG">
        <meta>
          <property name="Exif/DateTime" value="2015:09:11 10:16:37"/>
          <property name="Exif/DateTimeOriginal" value="2015:09:11 10:16:37"/>
          <property name="Exif/ExposureTime" value="0.1"/>
          <property name="Exif/FNumber" value="8"/>
          <property name="Exif/FocalLength" value="31"/>
          <property name="Exif/FocalLengthIn35mmFilm" value="46"/>
          <property name="Exif/ISOSpeedRatings" value="400"/>
          <property name="Exif/Make" value="NIKON CORPORATION"/>
          <property name="Exif/Model" value="NIKON D3300"/>
          <property name="Exif/Orientation" value="1"/>
          <property name="Exif/Software" value="Ver.1.00 "/>
          <property name="File/ImageHeight" value="4000"/>
          <property name="File/ImageWidth" value="6000"/>
          <property name="System/FileModifyDate" value="2016:01:04 23:15:09"/>
          <property name="System/FileSize" value="10241867"/>
        </meta>
      </photo>
    </camera>
    <camera camera_id="17">
      <photo path="../../../../research/micropasts/models/headfromethiopia/working/DSC_0024.JPG">
        <meta>
          <property name="Exif/DateTime" value="2015:09:11 10:16:43"/>
          <property name="Exif/DateTimeOriginal" value="2015:09:11 10:16:43"/>
          <property name="Exif/ExposureTime" value="0.1"/>
          <property name="Exif/FNumber" value="8"/>
          <property name="Exif/FocalLength" value="31"/>
          <property name="Exif/FocalLengthIn35mmFilm" value="46"/>
          <property name="Exif/ISOSpeedRatings" value="400"/>
          <property name="Exif/Make" value="NIKON CORPORATION"/>
          <property name="Exif/Model" value="NIKON D3300"/>
          <property name="Exif/Orientation" value="1"/>
          <property name="Exif/Software" value="Ver.1.00 "/>
          <property name="File/ImageHeight" value="4000"/>
          <property name="File/ImageWidth" value="6000"/>
          <property name="System/FileModifyDate" value="2016:01:04 23:15:14"/>
          <property name="System/FileSize" value="10272013"/>
        </meta>
      </photo>
    </camera>
    <camera camera_id="18">
      <photo path="../../../../research/micropasts/models/headfromethiopia/working/DSC_0025.JPG">
        <meta>
          <property name="Exif/DateTime" value="2015:09:11 10:16:50"/>
          <property name="Exif/DateTimeOriginal" value="2015:09:11 10:16:50"/>
          <property name="Exif/ExposureTime" value="0.1"/>
          <property name="Exif/FNumber" value="8"/>
          <property name="Exif/FocalLength" value="31"/>
          <property name="Exif/FocalLengthIn35mmFilm" value="46"/>
          <property name="Exif/ISOSpeedRatings" value="400"/>
          <property name="Exif/Make" value="NIKON CORPORATION"/>
          <property name="Exif/Model" value="NIKON D3300"/>
          <property name="Exif/Orientation" value="1"/>
          <property name="Exif/Software" value="Ver.1.00 "/>
          <property name="File/ImageHeight" value="4000"/>
          <property name="File/ImageWidth" value="6000"/>
          <property name="System/FileModifyDate" value="2016:01:04 23:15:19"/>
          <property name="System/FileSize" value="10203676"/>
        </meta>
      </photo>
    </camera>
    <camera camera_id="19">
      <photo path="../../../../research/micropasts/models/headfromethiopia/working/DSC_0026.JPG">
        <meta>
          <property name="Exif/DateTime" value="2015:09:11 10:16:57"/>
          <property name="Exif/DateTimeOriginal" value="2015:09:11 10:16:57"/>
          <property name="Exif/ExposureTime" value="0.1"/>
          <property name="Exif/FNumber" value="8"/>
          <property name="Exif/FocalLength" value="31"/>
          <property name="Exif/FocalLengthIn35mmFilm" value="46"/>
          <property name="Exif/ISOSpeedRatings" value="400"/>
          <property name="Exif/Make" value="NIKON CORPORATION"/>
          <property name="Exif/Model" value="NIKON D3300"/>
          <property name="Exif/Orientation" value="1"/>
          <property name="Exif/Software" value="Ver.1.00 "/>
          <property name="File/ImageHeight" value="4000"/>
          <property name="File/ImageWidth" value="6000"/>
          <property name="System/FileModifyDate" value="2016:01:04 23:15:23"/>
          <property name="System/FileSize" value="10241423"/>
        </meta>
      </photo>
    </camera>
    <camera camera_id="20">
      <photo path="../../../../research/micropasts/models/headfromethiopia/working/DSC_0027.JPG">
        <meta>
          <property name="Exif/DateTime" value="2015:09:11 10:17:04"/>
          <property name="Exif/DateTimeOriginal" value="2015:09:11 10:17:04"/>
          <property name="Exif/ExposureTime" value="0.1"/>
          <property name="Exif/FNumber" value="8"/>
          <property name="Exif/FocalLength" value="31"/>
          <property name="Exif/FocalLengthIn35mmFilm" value="46"/>
          <property name="Exif/ISOSpeedRatings" value="400"/>
          <property name="Exif/Make" value="NIKON CORPORATION"/>
          <property name="Exif/Model" value="NIKON D3300"/>
          <property name="Exif/Orientation" value="1"/>
          <property name="Exif/Software" value="Ver.1.00 "/>
          <property name="File/ImageHeight" value="4000"/>
          <property name="File/ImageWidth" value="6000"/>
          <property name="System/FileModifyDate" value="2016:01:04 23:15:29"/>
          <property name="System/FileSize" value="10572527"/>
        </meta>
      </photo>
    </camera>
    <camera camera_id="21">
      <photo path="../../../../research/micropasts/models/headfromethiopia/working/DSC_0028.JPG">
        <meta>
          <property name="Exif/DateTime" value="2015:09:11 10:17:11"/>
          <property name="Exif/DateTimeOriginal" value="2015:09:11 10:17:11"/>
          <property name="Exif/ExposureTime" value="0.1"/>
          <property name="Exif/FNumber" value="8"/>
          <property name="Exif/FocalLength" value="31"/>
          <property name="Exif/FocalLengthIn35mmFilm" value="46"/>
          <property name="Exif/ISOSpeedRatings" value="400"/>
          <property name="Exif/Make" value="NIKON CORPORATION"/>
          <property name="Exif/Model" value="NIKON D3300"/>
          <property name="Exif/Orientation" value="1"/>
          <property name="Exif/Software" value="Ver.1.00 "/>
          <property name="File/ImageHeight" value="4000"/>
          <property name="File/ImageWidth" value="6000"/>
          <property name="System/FileModifyDate" value="2016:01:04 23:15:34"/>
          <property name="System/FileSize" value="10250911"/>
        </meta>
      </photo>
    </camera>
    <camera camera_id="22">
      <photo path="../../../../research/micropasts/models/headfromethiopia/working/DSC_0029.JPG">
        <meta>
          <property name="Exif/DateTime" value="2015:09:11 10:17:18"/>
          <property name="Exif/DateTimeOriginal" value="2015:09:11 10:17:18"/>
          <property name="Exif/ExposureTime" value="0.1"/>
          <property name="Exif/FNumber" value="8"/>
          <property name="Exif/FocalLength" value="31"/>
          <property name="Exif/FocalLengthIn35mmFilm" value="46"/>
          <property name="Exif/ISOSpeedRatings" value="400"/>
          <property name="Exif/Make" value="NIKON CORPORATION"/>
          <property name="Exif/Model" value="NIKON D3300"/>
          <property name="Exif/Orientation" value="1"/>
          <property name="Exif/Software" value="Ver.1.00 "/>
          <property name="File/ImageHeight" value="4000"/>
          <property name="File/ImageWidth" value="6000"/>
          <property name="System/FileModifyDate" value="2016:01:04 23:15:38"/>
          <property name="System/FileSize" value="10345610"/>
        </meta>
      </photo>
    </camera>
    <camera camera_id="23">
      <photo path="../../../../research/micropasts/models/headfromethiopia/working/DSC_0030.JPG">
        <meta>
          <property name="Exif/DateTime" value="2015:09:11 10:17:27"/>
          <property name="Exif/DateTimeOriginal" value="2015:09:11 10:17:27"/>
          <property name="Exif/ExposureTime" value="0.1"/>
          <property name="Exif/FNumber" value="8"/>
          <property name="Exif/FocalLength" value="31"/>
          <property name="Exif/FocalLengthIn35mmFilm" value="46"/>
          <property name="Exif/ISOSpeedRatings" value="400"/>
          <property name="Exif/Make" value="NIKON CORPORATION"/>
          <property name="Exif/Model" value="NIKON D3300"/>
          <property name="Exif/Orientation" value="1"/>
          <property name="Exif/Software" value="Ver.1.00 "/>
          <property name="File/ImageHeight" value="4000"/>
          <property name="File/ImageWidth" value="6000"/>
          <property name="System/FileModifyDate" value="2016:01:04 23:15:43"/>
          <property name="System/FileSize" value="10124643"/>
        </meta>
      </photo>
    </camera>
    <camera camera_id="24">
      <photo path="../../../../research/micropasts/models/headfromethiopia/working/DSC_0031.JPG">
        <meta>
          <property name="Exif/DateTime" value="2015:09:11 10:17:34"/>
          <property name="Exif/DateTimeOriginal" value="2015:09:11 10:17:34"/>
          <property name="Exif/ExposureTime" value="0.1"/>
          <property name="Exif/FNumber" value="8"/>
          <property name="Exif/FocalLength" value="31"/>
          <property name="Exif/FocalLengthIn35mmFilm" value="46"/>
          <property name="Exif/ISOSpeedRatings" value="400"/>
          <property name="Exif/Make" value="NIKON CORPORATION"/>
          <property name="Exif/Model" value="NIKON D3300"/>
          <property name="Exif/Orientation" value="1"/>
          <property name="Exif/Software" value="Ver.1.00 "/>
          <property name="File/ImageHeight" value="4000"/>
          <property name="File/ImageWidth" value="6000"/>
          <property name="System/FileModifyDate" value="2016:01:04 23:15:48"/>
          <property name="System/FileSize" value="10270431"/>
        </meta>
      </photo>
    </camera>
    <camera camera_id="25">
      <photo path="../../../../research/micropasts/models/headfromethiopia/working/DSC_0032.JPG">
        <meta>
          <property name="Exif/DateTime" value="2015:09:11 10:17:41"/>
          <property name="Exif/DateTimeOriginal" value="2015:09:11 10:17:41"/>
          <property name="Exif/ExposureTime" value="0.1"/>
          <property name="Exif/FNumber" value="8"/>
          <property name="Exif/FocalLength" value="31"/>
          <property name="Exif/FocalLengthIn35mmFilm" value="46"/>
          <property name="Exif/ISOSpeedRatings" value="400"/>
          <property name="Exif/Make" value="NIKON CORPORATION"/>
          <property name="Exif/Model" value="NIKON D3300"/>
          <property name="Exif/Orientation" value="1"/>
          <property name="Exif/Software" value="Ver.1.00 "/>
          <property name="File/ImageHeight" value="4000"/>
          <property name="File/ImageWidth" value="6000"/>
          <property name="System/FileModifyDate" value="2016:01:04 23:15:56"/>
          <property name="System/FileSize" value="10058190"/>
        </meta>
      </photo>
    </camera>
    <camera camera_id="26">
      <photo path="../../../../research/micropasts/models/headfromethiopia/working/DSC_0033.JPG">
        <meta>
          <property name="Exif/DateTime" value="2015:09:11 10:17:48"/>
          <property name="Exif/DateTimeOriginal" value="2015:09:11 10:17:48"/>
          <property name="Exif/ExposureTime" value="0.1"/>
          <property name="Exif/FNumber" value="8"/>
          <property name="Exif/FocalLength" value="31"/>
          <property name="Exif/FocalLengthIn35mmFilm" value="46"/>
          <property name="Exif/ISOSpeedRatings" value="400"/>
          <property name="Exif/Make" value="NIKON CORPORATION"/>
          <property name="Exif/Model" value="NIKON D3300"/>
          <property name="Exif/Orientation" value="1"/>
          <property name="Exif/Software" value="Ver.1.00 "/>
          <property name="File/ImageHeight" value="4000"/>
          <property name="File/ImageWidth" value="6000"/>
          <property name="System/FileModifyDate" value="2016:01:04 23:16:05"/>
          <property name="System/FileSize" value="10322708"/>
        </meta>
      </photo>
    </camera>
    <camera camera_id="27">
      <photo path="../../../../research/micropasts/models/headfromethiopia/working/DSC_0034.JPG">
        <meta>
          <property name="Exif/DateTime" value="2015:09:11 10:17:56"/>
          <property name="Exif/DateTimeOriginal" value="2015:09:11 10:17:56"/>
          <property name="Exif/ExposureTime" value="0.1"/>
          <property name="Exif/FNumber" value="8"/>
          <property name="Exif/FocalLength" value="31"/>
          <property name="Exif/FocalLengthIn35mmFilm" value="46"/>
          <property name="Exif/ISOSpeedRatings" value="400"/>
          <property name="Exif/Make" value="NIKON CORPORATION"/>
          <property name="Exif/Model" value="NIKON D3300"/>
          <property name="Exif/Orientation" value="1"/>
          <property name="Exif/Software" value="Ver.1.00 "/>
          <property name="File/ImageHeight" value="4000"/>
          <property name="File/ImageWidth" value="6000"/>
          <property name="System/FileModifyDate" value="2016:01:04 23:16:10"/>
          <property name="System/FileSize" value="10239353"/>
        </meta>
      </photo>
    </camera>
    <camera camera_id="28">
      <photo path="../../../../research/micropasts/models/headfromethiopia/working/DSC_0035.JPG">
        <meta>
          <property name="Exif/DateTime" value="2015:09:11 10:18:02"/>
          <property name="Exif/DateTimeOriginal" value="2015:09:11 10:18:02"/>
          <property name="Exif/ExposureTime" value="0.1"/>
          <property name="Exif/FNumber" value="8"/>
          <property name="Exif/FocalLength" value="31"/>
          <property name="Exif/FocalLengthIn35mmFilm" value="46"/>
          <property name="Exif/ISOSpeedRatings" value="400"/>
          <property name="Exif/Make" value="NIKON CORPORATION"/>
          <property name="Exif/Model" value="NIKON D3300"/>
          <property name="Exif/Orientation" value="1"/>
          <property name="Exif/Software" value="Ver.1.00 "/>
          <property name="File/ImageHeight" value="4000"/>
          <property name="File/ImageWidth" value="6000"/>
          <property name="System/FileModifyDate" value="2016:01:04 23:16:15"/>
          <property name="System/FileSize" value="10163132"/>
        </meta>
      </photo>
    </camera>
    <camera camera_id="29">
      <photo path="../../../../research/micropasts/models/headfromethiopia/working/DSC_0036.JPG">
        <meta>
          <property name="Exif/DateTime" value="2015:09:11 10:18:08"/>
          <property name="Exif/DateTimeOriginal" value="2015:09:11 10:18:08"/>
          <property name="Exif/ExposureTime" value="0.1"/>
          <property name="Exif/FNumber" value="8"/>
          <property name="Exif/FocalLength" value="31"/>
          <property name="Exif/FocalLengthIn35mmFilm" value="46"/>
          <property name="Exif/ISOSpeedRatings" value="400"/>
          <property name="Exif/Make" value="NIKON CORPORATION"/>
          <property name="Exif/Model" value="NIKON D3300"/>
          <property name="Exif/Orientation" value="1"/>
          <property name="Exif/Software" value="Ver.1.00 "/>
          <property name="File/ImageHeight" value="4000"/>
          <property name="File/ImageWidth" value="6000"/>
          <property name="System/FileModifyDate" value="2016:01:04 23:16:20"/>
          <property name="System/FileSize" value="10006165"/>
        </meta>
      </photo>
    </camera>
    <camera camera_id="30">
      <photo path="../../../../research/micropasts/models/headfromethiopia/working/DSC_0037.JPG">
        <meta>
          <property name="Exif/DateTime" value="2015:09:11 10:18:15"/>
          <property name="Exif/DateTimeOriginal" value="2015:09:11 10:18:15"/>
          <property name="Exif/ExposureTime" value="0.1"/>
          <property name="Exif/FNumber" value="8"/>
          <property name="Exif/FocalLength" value="31"/>
          <property name="Exif/FocalLengthIn35mmFilm" value="46"/>
          <property name="Exif/ISOSpeedRatings" value="400"/>
          <property name="Exif/Make" value="NIKON CORPORATION"/>
          <property name="Exif/Model" value="NIKON D3300"/>
          <property name="Exif/Orientation" value="1"/>
          <property name="Exif/Software" value="Ver.1.00 "/>
          <property name="File/ImageHeight" value="4000"/>
          <property name="File/ImageWidth" value="6000"/>
          <property name="System/FileModifyDate" value="2016:01:04 23:16:25"/>
          <property name="System/FileSize" value="10299281"/>
        </meta>
      </photo>
    </camera>
    <camera camera_id="32">
      <photo path="../../../../research/micropasts/models/headfromethiopia/working/DSC_0039.JPG">
        <meta>
          <property name="Exif/DateTime" value="2015:09:11 10:18:27"/>
          <property name="Exif/DateTimeOriginal" value="2015:09:11 10:18:27"/>
          <property name="Exif/ExposureTime" value="0.1"/>
          <property name="Exif/FNumber" value="8"/>
          <property name="Exif/FocalLength" value="31"/>
          <property name="Exif/FocalLengthIn35mmFilm" value="46"/>
          <property name="Exif/ISOSpeedRatings" value="400"/>
          <property name="Exif/Make" value="NIKON CORPORATION"/>
          <property name="Exif/Model" value="NIKON D3300"/>
          <property name="Exif/Orientation" value="1"/>
          <property name="Exif/Software" value="Ver.1.00 "/>
          <property name="File/ImageHeight" value="4000"/>
          <property name="File/ImageWidth" value="6000"/>
          <property name="System/FileModifyDate" value="2016:01:04 23:16:34"/>
          <property name="System/FileSize" value="10044249"/>
        </meta>
      </photo>
    </camera>
    <camera camera_id="33">
      <photo path="../../../../research/micropasts/models/headfromethiopia/working/DSC_0040.JPG">
        <meta>
          <property name="Exif/DateTime" value="2015:09:11 10:18:33"/>
          <property name="Exif/DateTimeOriginal" value="2015:09:11 10:18:33"/>
          <property name="Exif/ExposureTime" value="0.1"/>
          <property name="Exif/FNumber" value="8"/>
          <property name="Exif/FocalLength" value="31"/>
          <property name="Exif/FocalLengthIn35mmFilm" value="46"/>
          <property name="Exif/ISOSpeedRatings" value="400"/>
          <property name="Exif/Make" value="NIKON CORPORATION"/>
          <property name="Exif/Model" value="NIKON D3300"/>
          <property name="Exif/Orientation" value="1"/>
          <property name="Exif/Software" value="Ver.1.00 "/>
          <property name="File/ImageHeight" value="4000"/>
          <property name="File/ImageWidth" value="6000"/>
          <property name="System/FileModifyDate" value="2016:01:04 23:16:39"/>
          <property name="System/FileSize" value="10034172"/>
        </meta>
      </photo>
    </camera>
    <camera camera_id="34">
      <photo path="../../../../research/micropasts/models/headfromethiopia/working/DSC_0041.JPG">
        <meta>
          <property name="Exif/DateTime" value="2015:09:11 10:18:39"/>
          <property name="Exif/DateTimeOriginal" value="2015:09:11 10:18:39"/>
          <property name="Exif/ExposureTime" value="0.1"/>
          <property name="Exif/FNumber" value="8"/>
          <property name="Exif/FocalLength" value="31"/>
          <property name="Exif/FocalLengthIn35mmFilm" value="46"/>
          <property name="Exif/ISOSpeedRatings" value="400"/>
          <property name="Exif/Make" value="NIKON CORPORATION"/>
          <property name="Exif/Model" value="NIKON D3300"/>
          <property name="Exif/Orientation" value="1"/>
          <property name="Exif/Software" value="Ver.1.00 "/>
          <property name="File/ImageHeight" value="4000"/>
          <property name="File/ImageWidth" value="6000"/>
          <property name="System/FileModifyDate" value="2016:01:04 23:16:44"/>
          <property name="System/FileSize" value="10012464"/>
        </meta>
      </photo>
    </camera>
    <camera camera_id="35">
      <photo path="../../../../research/micropasts/models/headfromethiopia/working/DSC_0042.JPG">
        <meta>
          <property name="Exif/DateTime" value="2015:09:11 10:18:45"/>
          <property name="Exif/DateTimeOriginal" value="2015:09:11 10:18:45"/>
          <property name="Exif/ExposureTime" value="0.1"/>
          <property name="Exif/FNumber" value="8"/>
          <property name="Exif/FocalLength" value="31"/>
          <property name="Exif/FocalLengthIn35mmFilm" value="46"/>
          <property name="Exif/ISOSpeedRatings" value="400"/>
          <property name="Exif/Make" value="NIKON CORPORATION"/>
          <property name="Exif/Model" value="NIKON D3300"/>
          <property name="Exif/Orientation" value="1"/>
          <property name="Exif/Software" value="Ver.1.00 "/>
          <property name="File/ImageHeight" value="4000"/>
          <property name="File/ImageWidth" value="6000"/>
          <property name="System/FileModifyDate" value="2016:01:04 23:16:49"/>
          <property name="System/FileSize" value="10181781"/>
        </meta>
      </photo>
    </camera>
    <camera camera_id="36">
      <photo path="../../../../research/micropasts/models/headfromethiopia/working/DSC_0043.JPG">
        <meta>
          <property name="Exif/DateTime" value="2015:09:11 10:18:50"/>
          <property name="Exif/DateTimeOriginal" value="2015:09:11 10:18:50"/>
          <property name="Exif/ExposureTime" value="0.1"/>
          <property name="Exif/FNumber" value="8"/>
          <property name="Exif/FocalLength" value="31"/>
          <property name="Exif/FocalLengthIn35mmFilm" value="46"/>
          <property name="Exif/ISOSpeedRatings" value="400"/>
          <property name="Exif/Make" value="NIKON CORPORATION"/>
          <property name="Exif/Model" value="NIKON D3300"/>
          <property name="Exif/Orientation" value="1"/>
          <property name="Exif/Software" value="Ver.1.00 "/>
          <property name="File/ImageHeight" value="4000"/>
          <property name="File/ImageWidth" value="6000"/>
          <property name="System/FileModifyDate" value="2016:01:04 23:16:54"/>
          <property name="System/FileSize" value="10089544"/>
        </meta>
      </photo>
    </camera>
    <camera camera_id="37">
      <photo path="../../../../research/micropasts/models/headfromethiopia/working/DSC_0044.JPG">
        <meta>
          <property name="Exif/DateTime" value="2015:09:11 10:18:57"/>
          <property name="Exif/DateTimeOriginal" value="2015:09:11 10:18:57"/>
          <property name="Exif/ExposureTime" value="0.1"/>
          <property name="Exif/FNumber" value="8"/>
          <property name="Exif/FocalLength" value="31"/>
          <property name="Exif/FocalLengthIn35mmFilm" value="46"/>
          <property name="Exif/ISOSpeedRatings" value="400"/>
          <property name="Exif/Make" value="NIKON CORPORATION"/>
          <property name="Exif/Model" value="NIKON D3300"/>
          <property name="Exif/Orientation" value="1"/>
          <property name="Exif/Software" value="Ver.1.00 "/>
          <property name="File/ImageHeight" value="4000"/>
          <property name="File/ImageWidth" value="6000"/>
          <property name="System/FileModifyDate" value="2016:01:04 23:16:59"/>
          <property name="System/FileSize" value="10016413"/>
        </meta>
      </photo>
    </camera>
    <camera camera_id="38">
      <photo path="../../../../research/micropasts/models/headfromethiopia/working/DSC_0045.JPG">
        <meta>
          <property name="Exif/DateTime" value="2015:09:11 10:19:02"/>
          <property name="Exif/DateTimeOriginal" value="2015:09:11 10:19:02"/>
          <property name="Exif/ExposureTime" value="0.1"/>
          <property name="Exif/FNumber" value="8"/>
          <property name="Exif/FocalLength" value="31"/>
          <property name="Exif/FocalLengthIn35mmFilm" value="46"/>
          <property name="Exif/ISOSpeedRatings" value="400"/>
          <property name="Exif/Make" value="NIKON CORPORATION"/>
          <property name="Exif/Model" value="NIKON D3300"/>
          <property name="Exif/Orientation" value="1"/>
          <property name="Exif/Software" value="Ver.1.00 "/>
          <property name="File/ImageHeight" value="4000"/>
          <property name="File/ImageWidth" value="6000"/>
          <property name="System/FileModifyDate" value="2016:01:04 23:17:04"/>
          <property name="System/FileSize" value="9918259"/>
        </meta>
      </photo>
    </camera>
    <camera camera_id="39">
      <photo path="../../../../research/micropasts/models/headfromethiopia/working/DSC_0046.JPG">
        <meta>
          <property name="Exif/DateTime" value="2015:09:11 10:19:09"/>
          <property name="Exif/DateTimeOriginal" value="2015:09:11 10:19:09"/>
          <property name="Exif/ExposureTime" value="0.1"/>
          <property name="Exif/FNumber" value="8"/>
          <property name="Exif/FocalLength" value="31"/>
          <property name="Exif/FocalLengthIn35mmFilm" value="46"/>
          <property name="Exif/ISOSpeedRatings" value="400"/>
          <property name="Exif/Make" value="NIKON CORPORATION"/>
          <property name="Exif/Model" value="NIKON D3300"/>
          <property name="Exif/Orientation" value="1"/>
          <property name="Exif/Software" value="Ver.1.00 "/>
          <property name="File/ImageHeight" value="4000"/>
          <property name="File/ImageWidth" value="6000"/>
          <property name="System/FileModifyDate" value="2016:01:04 23:17:09"/>
          <property name="System/FileSize" value="9859205"/>
        </meta>
      </photo>
    </camera>
    <camera camera_id="40">
      <photo path="../../../../research/micropasts/models/headfromethiopia/working/DSC_0047.JPG">
        <meta>
          <property name="Exif/DateTime" value="2015:09:11 10:19:15"/>
          <property name="Exif/DateTimeOriginal" value="2015:09:11 10:19:15"/>
          <property name="Exif/ExposureTime" value="0.1"/>
          <property name="Exif/FNumber" value="8"/>
          <property name="Exif/FocalLength" value="31"/>
          <property name="Exif/FocalLengthIn35mmFilm" value="46"/>
          <property name="Exif/ISOSpeedRatings" value="400"/>
          <property name="Exif/Make" value="NIKON CORPORATION"/>
          <property name="Exif/Model" value="NIKON D3300"/>
          <property name="Exif/Orientation" value="1"/>
          <property name="Exif/Software" value="Ver.1.00 "/>
          <property name="File/ImageHeight" value="4000"/>
          <property name="File/ImageWidth" value="6000"/>
          <property name="System/FileModifyDate" value="2016:01:04 23:17:14"/>
          <property name="System/FileSize" value="9869876"/>
        </meta>
      </photo>
    </camera>
    <camera camera_id="41">
      <photo path="../../../../research/micropasts/models/headfromethiopia/working/DSC_0048.JPG">
        <meta>
          <property name="Exif/DateTime" value="2015:09:11 10:19:20"/>
          <property name="Exif/DateTimeOriginal" value="2015:09:11 10:19:20"/>
          <property name="Exif/ExposureTime" value="0.1"/>
          <property name="Exif/FNumber" value="8"/>
          <property name="Exif/FocalLength" value="31"/>
          <property name="Exif/FocalLengthIn35mmFilm" value="46"/>
          <property name="Exif/ISOSpeedRatings" value="400"/>
          <property name="Exif/Make" value="NIKON CORPORATION"/>
          <property name="Exif/Model" value="NIKON D3300"/>
          <property name="Exif/Orientation" value="1"/>
          <property name="Exif/Software" value="Ver.1.00 "/>
          <property name="File/ImageHeight" value="4000"/>
          <property name="File/ImageWidth" value="6000"/>
          <property name="System/FileModifyDate" value="2016:01:04 23:17:19"/>
          <property name="System/FileSize" value="9814469"/>
        </meta>
      </photo>
    </camera>
    <camera camera_id="42">
      <photo path="../../../../research/micropasts/models/headfromethiopia/working/DSC_0049.JPG">
        <meta>
          <property name="Exif/DateTime" value="2015:09:11 10:19:27"/>
          <property name="Exif/DateTimeOriginal" value="2015:09:11 10:19:27"/>
          <property name="Exif/ExposureTime" value="0.1"/>
          <property name="Exif/FNumber" value="8"/>
          <property name="Exif/FocalLength" value="31"/>
          <property name="Exif/FocalLengthIn35mmFilm" value="46"/>
          <property name="Exif/ISOSpeedRatings" value="400"/>
          <property name="Exif/Make" value="NIKON CORPORATION"/>
          <property name="Exif/Model" value="NIKON D3300"/>
          <property name="Exif/Orientation" value="1"/>
          <property name="Exif/Software" value="Ver.1.00 "/>
          <property name="File/ImageHeight" value="4000"/>
          <property name="File/ImageWidth" value="6000"/>
          <property name="System/FileModifyDate" value="2016:01:04 23:17:24"/>
          <property name="System/FileSize" value="10082578"/>
        </meta>
      </photo>
    </camera>
    <camera camera_id="43">
      <photo path="../../../../research/micropasts/models/headfromethiopia/working/DSC_0050.JPG">
        <meta>
          <property name="Exif/DateTime" value="2015:09:11 10:19:34"/>
          <property name="Exif/DateTimeOriginal" value="2015:09:11 10:19:34"/>
          <property name="Exif/ExposureTime" value="0.1"/>
          <property name="Exif/FNumber" value="8"/>
          <property name="Exif/FocalLength" value="31"/>
          <property name="Exif/FocalLengthIn35mmFilm" value="46"/>
          <property name="Exif/ISOSpeedRatings" value="400"/>
          <property name="Exif/Make" value="NIKON CORPORATION"/>
          <property name="Exif/Model" value="NIKON D3300"/>
          <property name="Exif/Orientation" value="1"/>
          <property name="Exif/Software" value="Ver.1.00 "/>
          <property name="File/ImageHeight" value="4000"/>
          <property name="File/ImageWidth" value="6000"/>
          <property name="System/FileModifyDate" value="2016:01:04 23:17:29"/>
          <property name="System/FileSize" value="10048381"/>
        </meta>
      </photo>
    </camera>
    <camera camera_id="44">
      <photo path="../../../../research/micropasts/models/headfromethiopia/working/DSC_0051.JPG">
        <meta>
          <property name="Exif/DateTime" value="2015:09:11 10:19:38"/>
          <property name="Exif/DateTimeOriginal" value="2015:09:11 10:19:38"/>
          <property name="Exif/ExposureTime" value="0.1"/>
          <property name="Exif/FNumber" value="8"/>
          <property name="Exif/FocalLength" value="31"/>
          <property name="Exif/FocalLengthIn35mmFilm" value="46"/>
          <property name="Exif/ISOSpeedRatings" value="400"/>
          <property name="Exif/Make" value="NIKON CORPORATION"/>
          <property name="Exif/Model" value="NIKON D3300"/>
          <property name="Exif/Orientation" value="1"/>
          <property name="Exif/Software" value="Ver.1.00 "/>
          <property name="File/ImageHeight" value="4000"/>
          <property name="File/ImageWidth" value="6000"/>
          <property name="System/FileModifyDate" value="2016:01:04 23:17:33"/>
          <property name="System/FileSize" value="10183759"/>
        </meta>
      </photo>
    </camera>
    <camera camera_id="45">
      <photo path="../../../../research/micropasts/models/headfromethiopia/working/DSC_0052.JPG">
        <meta>
          <property name="Exif/DateTime" value="2015:09:11 10:19:43"/>
          <property name="Exif/DateTimeOriginal" value="2015:09:11 10:19:43"/>
          <property name="Exif/ExposureTime" value="0.1"/>
          <property name="Exif/FNumber" value="8"/>
          <property name="Exif/FocalLength" value="31"/>
          <property name="Exif/FocalLengthIn35mmFilm" value="46"/>
          <property name="Exif/ISOSpeedRatings" value="400"/>
          <property name="Exif/Make" value="NIKON CORPORATION"/>
          <property name="Exif/Model" value="NIKON D3300"/>
          <property name="Exif/Orientation" value="1"/>
          <property name="Exif/Software" value="Ver.1.00 "/>
          <property name="File/ImageHeight" value="4000"/>
          <property name="File/ImageWidth" value="6000"/>
          <property name="System/FileModifyDate" value="2016:01:04 23:17:38"/>
          <property name="System/FileSize" value="10116110"/>
        </meta>
      </photo>
    </camera>
    <camera camera_id="46">
      <photo path="../../../../research/micropasts/models/headfromethiopia/working/DSC_0053.JPG">
        <meta>
          <property name="Exif/DateTime" value="2015:09:11 10:19:49"/>
          <property name="Exif/DateTimeOriginal" value="2015:09:11 10:19:49"/>
          <property name="Exif/ExposureTime" value="0.1"/>
          <property name="Exif/FNumber" value="8"/>
          <property name="Exif/FocalLength" value="31"/>
          <property name="Exif/FocalLengthIn35mmFilm" value="46"/>
          <property name="Exif/ISOSpeedRatings" value="400"/>
          <property name="Exif/Make" value="NIKON CORPORATION"/>
          <property name="Exif/Model" value="NIKON D3300"/>
          <property name="Exif/Orientation" value="1"/>
          <property name="Exif/Software" value="Ver.1.00 "/>
          <property name="File/ImageHeight" value="4000"/>
          <property name="File/ImageWidth" value="6000"/>
          <property name="System/FileModifyDate" value="2016:01:04 23:17:43"/>
          <property name="System/FileSize" value="10106504"/>
        </meta>
      </photo>
    </camera>
    <camera camera_id="47">
      <photo path="../../../../research/micropasts/models/headfromethiopia/working/DSC_0054.JPG">
        <meta>
          <property name="Exif/DateTime" value="2015:09:11 10:19:54"/>
          <property name="Exif/DateTimeOriginal" value="2015:09:11 10:19:54"/>
          <property name="Exif/ExposureTime" value="0.1"/>
          <property name="Exif/FNumber" value="8"/>
          <property name="Exif/FocalLength" value="31"/>
          <property name="Exif/FocalLengthIn35mmFilm" value="46"/>
          <property name="Exif/ISOSpeedRatings" value="400"/>
          <property name="Exif/Make" value="NIKON CORPORATION"/>
          <property name="Exif/Model" value="NIKON D3300"/>
          <property name="Exif/Orientation" value="1"/>
          <property name="Exif/Software" value="Ver.1.00 "/>
          <property name="File/ImageHeight" value="4000"/>
          <property name="File/ImageWidth" value="6000"/>
          <property name="System/FileModifyDate" value="2016:01:04 23:17:48"/>
          <property name="System/FileSize" value="10006947"/>
        </meta>
      </photo>
    </camera>
    <camera camera_id="48">
      <photo path="../../../../research/micropasts/models/headfromethiopia/working/DSC_0055.JPG">
        <meta>
          <property name="Exif/DateTime" value="2015:09:11 10:20:01"/>
          <property name="Exif/DateTimeOriginal" value="2015:09:11 10:20:01"/>
          <property name="Exif/ExposureTime" value="0.1"/>
          <property name="Exif/FNumber" value="8"/>
          <property name="Exif/FocalLength" value="31"/>
          <property name="Exif/FocalLengthIn35mmFilm" value="46"/>
          <property name="Exif/ISOSpeedRatings" value="400"/>
          <property name="Exif/Make" value="NIKON CORPORATION"/>
          <property name="Exif/Model" value="NIKON D3300"/>
          <property name="Exif/Orientation" value="1"/>
          <property name="Exif/Software" value="Ver.1.00 "/>
          <property name="File/ImageHeight" value="4000"/>
          <property name="File/ImageWidth" value="6000"/>
          <property name="System/FileModifyDate" value="2016:01:04 23:17:53"/>
          <property name="System/FileSize" value="9799821"/>
        </meta>
      </photo>
    </camera>
    <camera camera_id="49">
      <photo path="../../../../research/micropasts/models/headfromethiopia/working/DSC_0056.JPG">
        <meta>
          <property name="Exif/DateTime" value="2015:09:11 10:20:05"/>
          <property name="Exif/DateTimeOriginal" value="2015:09:11 10:20:05"/>
          <property name="Exif/ExposureTime" value="0.1"/>
          <property name="Exif/FNumber" value="8"/>
          <property name="Exif/FocalLength" value="31"/>
          <property name="Exif/FocalLengthIn35mmFilm" value="46"/>
          <property name="Exif/ISOSpeedRatings" value="400"/>
          <property name="Exif/Make" value="NIKON CORPORATION"/>
          <property name="Exif/Model" value="NIKON D3300"/>
          <property name="Exif/Orientation" value="1"/>
          <property name="Exif/Software" value="Ver.1.00 "/>
          <property name="File/ImageHeight" value="4000"/>
          <property name="File/ImageWidth" value="6000"/>
          <property name="System/FileModifyDate" value="2016:01:04 23:17:58"/>
          <property name="System/FileSize" value="10187162"/>
        </meta>
      </photo>
    </camera>
    <camera camera_id="50">
      <photo path="../../../../research/micropasts/models/headfromethiopia/working/DSC_0057.JPG">
        <meta>
          <property name="Exif/DateTime" value="2015:09:11 10:20:09"/>
          <property name="Exif/DateTimeOriginal" value="2015:09:11 10:20:09"/>
          <property name="Exif/ExposureTime" value="0.1"/>
          <property name="Exif/FNumber" value="8"/>
          <property name="Exif/FocalLength" value="31"/>
          <property name="Exif/FocalLengthIn35mmFilm" value="46"/>
          <property name="Exif/ISOSpeedRatings" value="400"/>
          <property name="Exif/Make" value="NIKON CORPORATION"/>
          <property name="Exif/Model" value="NIKON D3300"/>
          <property name="Exif/Orientation" value="1"/>
          <property name="Exif/Software" value="Ver.1.00 "/>
          <property name="File/ImageHeight" value="4000"/>
          <property name="File/ImageWidth" value="6000"/>
          <property name="System/FileModifyDate" value="2016:01:04 23:18:03"/>
          <property name="System/FileSize" value="10225709"/>
        </meta>
      </photo>
    </camera>
    <camera camera_id="51">
      <photo path="../../../../research/micropasts/models/headfromethiopia/working/DSC_0058.JPG">
        <meta>
          <property name="Exif/DateTime" value="2015:09:11 10:20:13"/>
          <property name="Exif/DateTimeOriginal" value="2015:09:11 10:20:13"/>
          <property name="Exif/ExposureTime" value="0.1"/>
          <property name="Exif/FNumber" value="8"/>
          <property name="Exif/FocalLength" value="31"/>
          <property name="Exif/FocalLengthIn35mmFilm" value="46"/>
          <property name="Exif/ISOSpeedRatings" value="400"/>
          <property name="Exif/Make" value="NIKON CORPORATION"/>
          <property name="Exif/Model" value="NIKON D3300"/>
          <property name="Exif/Orientation" value="1"/>
          <property name="Exif/Software" value="Ver.1.00 "/>
          <property name="File/ImageHeight" value="4000"/>
          <property name="File/ImageWidth" value="6000"/>
          <property name="System/FileModifyDate" value="2016:01:04 23:18:08"/>
          <property name="System/FileSize" value="10120142"/>
        </meta>
      </photo>
    </camera>
    <camera camera_id="52">
      <photo path="../../../../research/micropasts/models/headfromethiopia/working/DSC_0059.JPG">
        <meta>
          <property name="Exif/DateTime" value="2015:09:11 10:20:18"/>
          <property name="Exif/DateTimeOriginal" value="2015:09:11 10:20:18"/>
          <property name="Exif/ExposureTime" value="0.1"/>
          <property name="Exif/FNumber" value="8"/>
          <property name="Exif/FocalLength" value="31"/>
          <property name="Exif/FocalLengthIn35mmFilm" value="46"/>
          <property name="Exif/ISOSpeedRatings" value="400"/>
          <property name="Exif/Make" value="NIKON CORPORATION"/>
          <property name="Exif/Model" value="NIKON D3300"/>
          <property name="Exif/Orientation" value="1"/>
          <property name="Exif/Software" value="Ver.1.00 "/>
          <property name="File/ImageHeight" value="4000"/>
          <property name="File/ImageWidth" value="6000"/>
          <property name="System/FileModifyDate" value="2016:01:04 23:18:13"/>
          <property name="System/FileSize" value="10085853"/>
        </meta>
      </photo>
    </camera>
    <camera camera_id="53">
      <photo path="../../../../research/micropasts/models/headfromethiopia/working/DSC_0060.JPG">
        <meta>
          <property name="Exif/DateTime" value="2015:09:11 10:20:23"/>
          <property name="Exif/DateTimeOriginal" value="2015:09:11 10:20:23"/>
          <property name="Exif/ExposureTime" value="0.1"/>
          <property name="Exif/FNumber" value="8"/>
          <property name="Exif/FocalLength" value="31"/>
          <property name="Exif/FocalLengthIn35mmFilm" value="46"/>
          <property name="Exif/ISOSpeedRatings" value="400"/>
          <property name="Exif/Make" value="NIKON CORPORATION"/>
          <property name="Exif/Model" value="NIKON D3300"/>
          <property name="Exif/Orientation" value="1"/>
          <property name="Exif/Software" value="Ver.1.00 "/>
          <property name="File/ImageHeight" value="4000"/>
          <property name="File/ImageWidth" value="6000"/>
          <property name="System/FileModifyDate" value="2016:01:04 23:18:18"/>
          <property name="System/FileSize" value="10146791"/>
        </meta>
      </photo>
    </camera>
    <camera camera_id="54">
      <photo path="../../../../research/micropasts/models/headfromethiopia/working/DSC_0061.JPG">
        <meta>
          <property name="Exif/DateTime" value="2015:09:11 10:20:26"/>
          <property name="Exif/DateTimeOriginal" value="2015:09:11 10:20:26"/>
          <property name="Exif/ExposureTime" value="0.1"/>
          <property name="Exif/FNumber" value="8"/>
          <property name="Exif/FocalLength" value="31"/>
          <property name="Exif/FocalLengthIn35mmFilm" value="46"/>
          <property name="Exif/ISOSpeedRatings" value="400"/>
          <property name="Exif/Make" value="NIKON CORPORATION"/>
          <property name="Exif/Model" value="NIKON D3300"/>
          <property name="Exif/Orientation" value="1"/>
          <property name="Exif/Software" value="Ver.1.00 "/>
          <property name="File/ImageHeight" value="4000"/>
          <property name="File/ImageWidth" value="6000"/>
          <property name="System/FileModifyDate" value="2016:01:04 23:18:23"/>
          <property name="System/FileSize" value="10205935"/>
        </meta>
      </photo>
    </camera>
    <camera camera_id="55">
      <photo path="../../../../research/micropasts/models/headfromethiopia/working/DSC_0062.JPG">
        <meta>
          <property name="Exif/DateTime" value="2015:09:11 10:20:31"/>
          <property name="Exif/DateTimeOriginal" value="2015:09:11 10:20:31"/>
          <property name="Exif/ExposureTime" value="0.1"/>
          <property name="Exif/FNumber" value="8"/>
          <property name="Exif/FocalLength" value="31"/>
          <property name="Exif/FocalLengthIn35mmFilm" value="46"/>
          <property name="Exif/ISOSpeedRatings" value="400"/>
          <property name="Exif/Make" value="NIKON CORPORATION"/>
          <property name="Exif/Model" value="NIKON D3300"/>
          <property name="Exif/Orientation" value="1"/>
          <property name="Exif/Software" value="Ver.1.00 "/>
          <property name="File/ImageHeight" value="4000"/>
          <property name="File/ImageWidth" value="6000"/>
          <property name="System/FileModifyDate" value="2016:01:04 23:18:28"/>
          <property name="System/FileSize" value="10274740"/>
        </meta>
      </photo>
    </camera>
    <camera camera_id="56">
      <photo path="../../../../research/micropasts/models/headfromethiopia/working/DSC_0063.JPG">
        <meta>
          <property name="Exif/DateTime" value="2015:09:11 10:20:35"/>
          <property name="Exif/DateTimeOriginal" value="2015:09:11 10:20:35"/>
          <property name="Exif/ExposureTime" value="0.1"/>
          <property name="Exif/FNumber" value="8"/>
          <property name="Exif/FocalLength" value="31"/>
          <property name="Exif/FocalLengthIn35mmFilm" value="46"/>
          <property name="Exif/ISOSpeedRatings" value="400"/>
          <property name="Exif/Make" value="NIKON CORPORATION"/>
          <property name="Exif/Model" value="NIKON D3300"/>
          <property name="Exif/Orientation" value="1"/>
          <property name="Exif/Software" value="Ver.1.00 "/>
          <property name="File/ImageHeight" value="4000"/>
          <property name="File/ImageWidth" value="6000"/>
          <property name="System/FileModifyDate" value="2016:01:04 23:18:33"/>
          <property name="System/FileSize" value="10134113"/>
        </meta>
      </photo>
    </camera>
    <camera camera_id="57">
      <photo path="../../../../research/micropasts/models/headfromethiopia/working/DSC_0064.JPG">
        <meta>
          <property name="Exif/DateTime" value="2015:09:11 10:20:39"/>
          <property name="Exif/DateTimeOriginal" value="2015:09:11 10:20:39"/>
          <property name="Exif/ExposureTime" value="0.1"/>
          <property name="Exif/FNumber" value="8"/>
          <property name="Exif/FocalLength" value="31"/>
          <property name="Exif/FocalLengthIn35mmFilm" value="46"/>
          <property name="Exif/ISOSpeedRatings" value="400"/>
          <property name="Exif/Make" value="NIKON CORPORATION"/>
          <property name="Exif/Model" value="NIKON D3300"/>
          <property name="Exif/Orientation" value="1"/>
          <property name="Exif/Software" value="Ver.1.00 "/>
          <property name="File/ImageHeight" value="4000"/>
          <property name="File/ImageWidth" value="6000"/>
          <property name="System/FileModifyDate" value="2016:01:04 23:18:37"/>
          <property name="System/FileSize" value="10176165"/>
        </meta>
      </photo>
    </camera>
    <camera camera_id="58">
      <photo path="../../../../research/micropasts/models/headfromethiopia/working/DSC_0065.JPG">
        <meta>
          <property name="Exif/DateTime" value="2015:09:11 10:20:43"/>
          <property name="Exif/DateTimeOriginal" value="2015:09:11 10:20:43"/>
          <property name="Exif/ExposureTime" value="0.1"/>
          <property name="Exif/FNumber" value="8"/>
          <property name="Exif/FocalLength" value="31"/>
          <property name="Exif/FocalLengthIn35mmFilm" value="46"/>
          <property name="Exif/ISOSpeedRatings" value="400"/>
          <property name="Exif/Make" value="NIKON CORPORATION"/>
          <property name="Exif/Model" value="NIKON D3300"/>
          <property name="Exif/Orientation" value="1"/>
          <property name="Exif/Software" value="Ver.1.00 "/>
          <property name="File/ImageHeight" value="4000"/>
          <property name="File/ImageWidth" value="6000"/>
          <property name="System/FileModifyDate" value="2016:01:04 23:18:42"/>
          <property name="System/FileSize" value="10040501"/>
        </meta>
      </photo>
    </camera>
    <camera camera_id="59">
      <photo path="../../../../research/micropasts/models/headfromethiopia/working/DSC_0066.JPG">
        <meta>
          <property name="Exif/DateTime" value="2015:09:11 10:20:47"/>
          <property name="Exif/DateTimeOriginal" value="2015:09:11 10:20:47"/>
          <property name="Exif/ExposureTime" value="0.1"/>
          <property name="Exif/FNumber" value="8"/>
          <property name="Exif/FocalLength" value="31"/>
          <property name="Exif/FocalLengthIn35mmFilm" value="46"/>
          <property name="Exif/ISOSpeedRatings" value="400"/>
          <property name="Exif/Make" value="NIKON CORPORATION"/>
          <property name="Exif/Model" value="NIKON D3300"/>
          <property name="Exif/Orientation" value="1"/>
          <property name="Exif/Software" value="Ver.1.00 "/>
          <property name="File/ImageHeight" value="4000"/>
          <property name="File/ImageWidth" value="6000"/>
          <property name="System/FileModifyDate" value="2016:01:04 23:18:47"/>
          <property name="System/FileSize" value="9853851"/>
        </meta>
      </photo>
    </camera>
    <camera camera_id="60">
      <photo path="../../../../research/micropasts/models/headfromethiopia/working/DSC_0067.JPG">
        <meta>
          <property name="Exif/DateTime" value="2015:09:11 10:20:52"/>
          <property name="Exif/DateTimeOriginal" value="2015:09:11 10:20:52"/>
          <property name="Exif/ExposureTime" value="0.1"/>
          <property name="Exif/FNumber" value="8"/>
          <property name="Exif/FocalLength" value="31"/>
          <property name="Exif/FocalLengthIn35mmFilm" value="46"/>
          <property name="Exif/ISOSpeedRatings" value="400"/>
          <property name="Exif/Make" value="NIKON CORPORATION"/>
          <property name="Exif/Model" value="NIKON D3300"/>
          <property name="Exif/Orientation" value="1"/>
          <property name="Exif/Software" value="Ver.1.00 "/>
          <property name="File/ImageHeight" value="4000"/>
          <property name="File/ImageWidth" value="6000"/>
          <property name="System/FileModifyDate" value="2016:01:04 23:18:52"/>
          <property name="System/FileSize" value="9964250"/>
        </meta>
      </photo>
    </camera>
    <camera camera_id="61">
      <photo path="../../../../research/micropasts/models/headfromethiopia/working/DSC_0068.JPG">
        <meta>
          <property name="Exif/DateTime" value="2015:09:11 10:20:55"/>
          <property name="Exif/DateTimeOriginal" value="2015:09:11 10:20:55"/>
          <property name="Exif/ExposureTime" value="0.1"/>
          <property name="Exif/FNumber" value="8"/>
          <property name="Exif/FocalLength" value="31"/>
          <property name="Exif/FocalLengthIn35mmFilm" value="46"/>
          <property name="Exif/ISOSpeedRatings" value="400"/>
          <property name="Exif/Make" value="NIKON CORPORATION"/>
          <property name="Exif/Model" value="NIKON D3300"/>
          <property name="Exif/Orientation" value="1"/>
          <property name="Exif/Software" value="Ver.1.00 "/>
          <property name="File/ImageHeight" value="4000"/>
          <property name="File/ImageWidth" value="6000"/>
          <property name="System/FileModifyDate" value="2016:01:04 23:18:57"/>
          <property name="System/FileSize" value="9834217"/>
        </meta>
      </photo>
    </camera>
    <camera camera_id="62">
      <photo path="../../../../research/micropasts/models/headfromethiopia/working/DSC_0069.JPG">
        <meta>
          <property name="Exif/DateTime" value="2015:09:11 10:20:59"/>
          <property name="Exif/DateTimeOriginal" value="2015:09:11 10:20:59"/>
          <property name="Exif/ExposureTime" value="0.1"/>
          <property name="Exif/FNumber" value="8"/>
          <property name="Exif/FocalLength" value="31"/>
          <property name="Exif/FocalLengthIn35mmFilm" value="46"/>
          <property name="Exif/ISOSpeedRatings" value="400"/>
          <property name="Exif/Make" value="NIKON CORPORATION"/>
          <property name="Exif/Model" value="NIKON D3300"/>
          <property name="Exif/Orientation" value="1"/>
          <property name="Exif/Software" value="Ver.1.00 "/>
          <property name="File/ImageHeight" value="4000"/>
          <property name="File/ImageWidth" value="6000"/>
          <property name="System/FileModifyDate" value="2016:01:04 23:19:02"/>
          <property name="System/FileSize" value="9843851"/>
        </meta>
      </photo>
    </camera>
    <camera camera_id="63">
      <photo path="../../../../research/micropasts/models/headfromethiopia/working/DSC_0070.JPG">
        <meta>
          <property name="Exif/DateTime" value="2015:09:11 10:21:02"/>
          <property name="Exif/DateTimeOriginal" value="2015:09:11 10:21:02"/>
          <property name="Exif/ExposureTime" value="0.1"/>
          <property name="Exif/FNumber" value="8"/>
          <property name="Exif/FocalLength" value="31"/>
          <property name="Exif/FocalLengthIn35mmFilm" value="46"/>
          <property name="Exif/ISOSpeedRatings" value="400"/>
          <property name="Exif/Make" value="NIKON CORPORATION"/>
          <property name="Exif/Model" value="NIKON D3300"/>
          <property name="Exif/Orientation" value="1"/>
          <property name="Exif/Software" value="Ver.1.00 "/>
          <property name="File/ImageHeight" value="4000"/>
          <property name="File/ImageWidth" value="6000"/>
          <property name="System/FileModifyDate" value="2016:01:04 23:19:06"/>
          <property name="System/FileSize" value="9949077"/>
        </meta>
      </photo>
    </camera>
    <camera camera_id="64">
      <photo path="../../../../research/micropasts/models/headfromethiopia/working/DSC_0071.JPG">
        <meta>
          <property name="Exif/DateTime" value="2015:09:11 10:21:06"/>
          <property name="Exif/DateTimeOriginal" value="2015:09:11 10:21:06"/>
          <property name="Exif/ExposureTime" value="0.1"/>
          <property name="Exif/FNumber" value="8"/>
          <property name="Exif/FocalLength" value="31"/>
          <property name="Exif/FocalLengthIn35mmFilm" value="46"/>
          <property name="Exif/ISOSpeedRatings" value="400"/>
          <property name="Exif/Make" value="NIKON CORPORATION"/>
          <property name="Exif/Model" value="NIKON D3300"/>
          <property name="Exif/Orientation" value="1"/>
          <property name="Exif/Software" value="Ver.1.00 "/>
          <property name="File/ImageHeight" value="4000"/>
          <property name="File/ImageWidth" value="6000"/>
          <property name="System/FileModifyDate" value="2016:01:04 23:19:11"/>
          <property name="System/FileSize" value="9861567"/>
        </meta>
      </photo>
    </camera>
    <camera camera_id="65">
      <photo path="../../../../research/micropasts/models/headfromethiopia/working/DSC_0072.JPG">
        <meta>
          <property name="Exif/DateTime" value="2015:09:11 10:21:09"/>
          <property name="Exif/DateTimeOriginal" value="2015:09:11 10:21:09"/>
          <property name="Exif/ExposureTime" value="0.1"/>
          <property name="Exif/FNumber" value="8"/>
          <property name="Exif/FocalLength" value="31"/>
          <property name="Exif/FocalLengthIn35mmFilm" value="46"/>
          <property name="Exif/ISOSpeedRatings" value="400"/>
          <property name="Exif/Make" value="NIKON CORPORATION"/>
          <property name="Exif/Model" value="NIKON D3300"/>
          <property name="Exif/Orientation" value="1"/>
          <property name="Exif/Software" value="Ver.1.00 "/>
          <property name="File/ImageHeight" value="4000"/>
          <property name="File/ImageWidth" value="6000"/>
          <property name="System/FileModifyDate" value="2016:01:04 23:19:16"/>
          <property name="System/FileSize" value="9876638"/>
        </meta>
      </photo>
    </camera>
    <camera camera_id="66">
      <photo path="../../../../research/micropasts/models/headfromethiopia/working/DSC_0073.JPG">
        <meta>
          <property name="Exif/DateTime" value="2015:09:11 10:21:13"/>
          <property name="Exif/DateTimeOriginal" value="2015:09:11 10:21:13"/>
          <property name="Exif/ExposureTime" value="0.1"/>
          <property name="Exif/FNumber" value="8"/>
          <property name="Exif/FocalLength" value="31"/>
          <property name="Exif/FocalLengthIn35mmFilm" value="46"/>
          <property name="Exif/ISOSpeedRatings" value="400"/>
          <property name="Exif/Make" value="NIKON CORPORATION"/>
          <property name="Exif/Model" value="NIKON D3300"/>
          <property name="Exif/Orientation" value="1"/>
          <property name="Exif/Software" value="Ver.1.00 "/>
          <property name="File/ImageHeight" value="4000"/>
          <property name="File/ImageWidth" value="6000"/>
          <property name="System/FileModifyDate" value="2016:01:04 23:19:25"/>
          <property name="System/FileSize" value="10012291"/>
        </meta>
      </photo>
    </camera>
  </cameras>
  <markers>
    <marker marker_id="0">
      <location camera_id="34" pinned="true" x="3612.5012" y="3160.7336"/>
      <location camera_id="36" pinned="true" x="3581.6306" y="3236.2583"/>
      <location camera_id="45" pinned="true" x="3013.0283" y="3619.3521"/>
      <location camera_id="46" pinned="true" x="2878.6538" y="3632.7788"/>
      <location camera_id="53" pinned="true" x="1994.4762" y="3535.8623"/>
      <location camera_id="54" pinned="true" x="1893.158" y="3487.7141"/>
    </marker>
    <marker marker_id="1">
      <location camera_id="45" pinned="true" x="3780.4138" y="3083.2295"/>
      <location camera_id="53" pinned="true" x="3277.1306" y="3639.8594"/>
    </marker>
  </markers>
  <masks path="masks/masks.zip"/>
  <thumbnails path="thumbnails/thumbnails.zip"/>
  <point_cloud path="point_cloud/point_cloud.zip"/>
  <dense_cloud path="dense_cloud/dense_cloud.zip"/>
  <model path="model.1/model.zip"/>
</frame>
