<?xml version="1.0" encoding="UTF-8"?>
<frame>
  <cameras>
    <camera camera_id="63">
      <photo path="../../../../../githubProjects/ethopianHead/IMG_20161202_154702.jpg">
        <meta>
          <property name="Exif/ApertureValue" value="2"/>
          <property name="Exif/DateTime" value="2016:12:02 15:47:02"/>
          <property name="Exif/DateTimeOriginal" value="2016:12:02 15:47:02"/>
          <property name="Exif/ExposureTime" value="0.0588235294117647"/>
          <property name="Exif/FNumber" value="2"/>
          <property name="Exif/FocalLength" value="4.26"/>
          <property name="Exif/FocalLengthIn35mmFilm" value="25"/>
          <property name="Exif/ISOSpeedRatings" value="1000"/>
          <property name="Exif/Make" value="OnePlus"/>
          <property name="Exif/Model" value="ONEPLUS A3003"/>
          <property name="Exif/ShutterSpeedValue" value="4.058"/>
          <property name="Exif/Software" value="OnePlus3-user 6.0.1 MMB29M 26 dev-keys"/>
          <property name="File/ImageHeight" value="4640"/>
          <property name="File/ImageWidth" value="2610"/>
          <property name="System/FileModifyDate" value="2016:12:02 19:48:09"/>
          <property name="System/FileSize" value="2164297"/>
        </meta>
      </photo>
    </camera>
    <camera camera_id="64">
      <photo path="../../../../../githubProjects/ethopianHead/IMG_20161202_154704.jpg">
        <meta>
          <property name="Exif/ApertureValue" value="2"/>
          <property name="Exif/DateTime" value="2016:12:02 15:47:03"/>
          <property name="Exif/DateTimeOriginal" value="2016:12:02 15:47:03"/>
          <property name="Exif/ExposureTime" value="0.0588235294117647"/>
          <property name="Exif/FNumber" value="2"/>
          <property name="Exif/FocalLength" value="4.26"/>
          <property name="Exif/FocalLengthIn35mmFilm" value="25"/>
          <property name="Exif/ISOSpeedRatings" value="1000"/>
          <property name="Exif/Make" value="OnePlus"/>
          <property name="Exif/Model" value="ONEPLUS A3003"/>
          <property name="Exif/ShutterSpeedValue" value="4.058"/>
          <property name="Exif/Software" value="OnePlus3-user 6.0.1 MMB29M 26 dev-keys"/>
          <property name="File/ImageHeight" value="4640"/>
          <property name="File/ImageWidth" value="2610"/>
          <property name="System/FileModifyDate" value="2016:12:02 19:48:11"/>
          <property name="System/FileSize" value="2231882"/>
        </meta>
      </photo>
    </camera>
    <camera camera_id="65">
      <photo path="../../../../../githubProjects/ethopianHead/IMG_20161202_154705.jpg">
        <meta>
          <property name="Exif/ApertureValue" value="2"/>
          <property name="Exif/DateTime" value="2016:12:02 15:47:05"/>
          <property name="Exif/DateTimeOriginal" value="2016:12:02 15:47:05"/>
          <property name="Exif/ExposureTime" value="0.0588235294117647"/>
          <property name="Exif/FNumber" value="2"/>
          <property name="Exif/FocalLength" value="4.26"/>
          <property name="Exif/FocalLengthIn35mmFilm" value="25"/>
          <property name="Exif/ISOSpeedRatings" value="800"/>
          <property name="Exif/Make" value="OnePlus"/>
          <property name="Exif/Model" value="ONEPLUS A3003"/>
          <property name="Exif/ShutterSpeedValue" value="4.058"/>
          <property name="Exif/Software" value="OnePlus3-user 6.0.1 MMB29M 26 dev-keys"/>
          <property name="File/ImageHeight" value="4640"/>
          <property name="File/ImageWidth" value="2610"/>
          <property name="System/FileModifyDate" value="2016:12:02 19:48:15"/>
          <property name="System/FileSize" value="2350479"/>
        </meta>
      </photo>
    </camera>
    <camera camera_id="66">
      <photo path="../../../../../githubProjects/ethopianHead/IMG_20161202_154706.jpg">
        <meta>
          <property name="Exif/ApertureValue" value="2"/>
          <property name="Exif/DateTime" value="2016:12:02 15:47:06"/>
          <property name="Exif/DateTimeOriginal" value="2016:12:02 15:47:06"/>
          <property name="Exif/ExposureTime" value="0.0588235294117647"/>
          <property name="Exif/FNumber" value="2"/>
          <property name="Exif/FocalLength" value="4.26"/>
          <property name="Exif/FocalLengthIn35mmFilm" value="25"/>
          <property name="Exif/ISOSpeedRatings" value="800"/>
          <property name="Exif/Make" value="OnePlus"/>
          <property name="Exif/Model" value="ONEPLUS A3003"/>
          <property name="Exif/ShutterSpeedValue" value="4.058"/>
          <property name="Exif/Software" value="OnePlus3-user 6.0.1 MMB29M 26 dev-keys"/>
          <property name="File/ImageHeight" value="4640"/>
          <property name="File/ImageWidth" value="2610"/>
          <property name="System/FileModifyDate" value="2016:12:02 19:48:08"/>
          <property name="System/FileSize" value="2456151"/>
        </meta>
      </photo>
    </camera>
    <camera camera_id="67">
      <photo path="../../../../../githubProjects/ethopianHead/IMG_20161202_154708.jpg">
        <meta>
          <property name="Exif/ApertureValue" value="2"/>
          <property name="Exif/DateTime" value="2016:12:02 15:47:07"/>
          <property name="Exif/DateTimeOriginal" value="2016:12:02 15:47:07"/>
          <property name="Exif/ExposureTime" value="0.0588235294117647"/>
          <property name="Exif/FNumber" value="2"/>
          <property name="Exif/FocalLength" value="4.26"/>
          <property name="Exif/FocalLengthIn35mmFilm" value="25"/>
          <property name="Exif/ISOSpeedRatings" value="800"/>
          <property name="Exif/Make" value="OnePlus"/>
          <property name="Exif/Model" value="ONEPLUS A3003"/>
          <property name="Exif/ShutterSpeedValue" value="4.058"/>
          <property name="Exif/Software" value="OnePlus3-user 6.0.1 MMB29M 26 dev-keys"/>
          <property name="File/ImageHeight" value="4640"/>
          <property name="File/ImageWidth" value="2610"/>
          <property name="System/FileModifyDate" value="2016:12:02 19:48:06"/>
          <property name="System/FileSize" value="2290234"/>
        </meta>
      </photo>
    </camera>
    <camera camera_id="68">
      <photo path="../../../../../githubProjects/ethopianHead/IMG_20161202_154709.jpg">
        <meta>
          <property name="Exif/ApertureValue" value="2"/>
          <property name="Exif/DateTime" value="2016:12:02 15:47:09"/>
          <property name="Exif/DateTimeOriginal" value="2016:12:02 15:47:09"/>
          <property name="Exif/ExposureTime" value="0.0588235294117647"/>
          <property name="Exif/FNumber" value="2"/>
          <property name="Exif/FocalLength" value="4.26"/>
          <property name="Exif/FocalLengthIn35mmFilm" value="25"/>
          <property name="Exif/ISOSpeedRatings" value="800"/>
          <property name="Exif/Make" value="OnePlus"/>
          <property name="Exif/Model" value="ONEPLUS A3003"/>
          <property name="Exif/ShutterSpeedValue" value="4.058"/>
          <property name="Exif/Software" value="OnePlus3-user 6.0.1 MMB29M 26 dev-keys"/>
          <property name="File/ImageHeight" value="4640"/>
          <property name="File/ImageWidth" value="2610"/>
          <property name="System/FileModifyDate" value="2016:12:02 19:48:04"/>
          <property name="System/FileSize" value="2451515"/>
        </meta>
      </photo>
    </camera>
    <camera camera_id="69">
      <photo path="../../../../../githubProjects/ethopianHead/IMG_20161202_154710.jpg">
        <meta>
          <property name="Exif/ApertureValue" value="2"/>
          <property name="Exif/DateTime" value="2016:12:02 15:47:10"/>
          <property name="Exif/DateTimeOriginal" value="2016:12:02 15:47:10"/>
          <property name="Exif/ExposureTime" value="0.0588235294117647"/>
          <property name="Exif/FNumber" value="2"/>
          <property name="Exif/FocalLength" value="4.26"/>
          <property name="Exif/FocalLengthIn35mmFilm" value="25"/>
          <property name="Exif/ISOSpeedRatings" value="800"/>
          <property name="Exif/Make" value="OnePlus"/>
          <property name="Exif/Model" value="ONEPLUS A3003"/>
          <property name="Exif/ShutterSpeedValue" value="4.058"/>
          <property name="Exif/Software" value="OnePlus3-user 6.0.1 MMB29M 26 dev-keys"/>
          <property name="File/ImageHeight" value="4640"/>
          <property name="File/ImageWidth" value="2610"/>
          <property name="System/FileModifyDate" value="2016:12:02 19:48:02"/>
          <property name="System/FileSize" value="2305457"/>
        </meta>
      </photo>
    </camera>
    <camera camera_id="70">
      <photo path="../../../../../githubProjects/ethopianHead/IMG_20161202_154718.jpg">
        <meta>
          <property name="Exif/ApertureValue" value="2"/>
          <property name="Exif/DateTime" value="2016:12:02 15:47:18"/>
          <property name="Exif/DateTimeOriginal" value="2016:12:02 15:47:18"/>
          <property name="Exif/ExposureTime" value="0.0588235294117647"/>
          <property name="Exif/FNumber" value="2"/>
          <property name="Exif/FocalLength" value="4.26"/>
          <property name="Exif/FocalLengthIn35mmFilm" value="25"/>
          <property name="Exif/ISOSpeedRatings" value="1000"/>
          <property name="Exif/Make" value="OnePlus"/>
          <property name="Exif/Model" value="ONEPLUS A3003"/>
          <property name="Exif/ShutterSpeedValue" value="4.058"/>
          <property name="Exif/Software" value="OnePlus3-user 6.0.1 MMB29M 26 dev-keys"/>
          <property name="File/ImageHeight" value="4640"/>
          <property name="File/ImageWidth" value="2610"/>
          <property name="System/FileModifyDate" value="2016:12:02 19:48:01"/>
          <property name="System/FileSize" value="2302317"/>
        </meta>
      </photo>
    </camera>
    <camera camera_id="71">
      <photo path="../../../../../githubProjects/ethopianHead/IMG_20161202_154720.jpg">
        <meta>
          <property name="Exif/ApertureValue" value="2"/>
          <property name="Exif/DateTime" value="2016:12:02 15:47:20"/>
          <property name="Exif/DateTimeOriginal" value="2016:12:02 15:47:20"/>
          <property name="Exif/ExposureTime" value="0.0588235294117647"/>
          <property name="Exif/FNumber" value="2"/>
          <property name="Exif/FocalLength" value="4.26"/>
          <property name="Exif/FocalLengthIn35mmFilm" value="25"/>
          <property name="Exif/ISOSpeedRatings" value="1000"/>
          <property name="Exif/Make" value="OnePlus"/>
          <property name="Exif/Model" value="ONEPLUS A3003"/>
          <property name="Exif/ShutterSpeedValue" value="4.058"/>
          <property name="Exif/Software" value="OnePlus3-user 6.0.1 MMB29M 26 dev-keys"/>
          <property name="File/ImageHeight" value="4640"/>
          <property name="File/ImageWidth" value="2610"/>
          <property name="System/FileModifyDate" value="2016:12:02 19:47:59"/>
          <property name="System/FileSize" value="2278662"/>
        </meta>
      </photo>
    </camera>
    <camera camera_id="72">
      <photo path="../../../../../githubProjects/ethopianHead/IMG_20161202_154721.jpg">
        <meta>
          <property name="Exif/ApertureValue" value="2"/>
          <property name="Exif/DateTime" value="2016:12:02 15:47:21"/>
          <property name="Exif/DateTimeOriginal" value="2016:12:02 15:47:21"/>
          <property name="Exif/ExposureTime" value="0.0588235294117647"/>
          <property name="Exif/FNumber" value="2"/>
          <property name="Exif/FocalLength" value="4.26"/>
          <property name="Exif/FocalLengthIn35mmFilm" value="25"/>
          <property name="Exif/ISOSpeedRatings" value="1000"/>
          <property name="Exif/Make" value="OnePlus"/>
          <property name="Exif/Model" value="ONEPLUS A3003"/>
          <property name="Exif/ShutterSpeedValue" value="4.058"/>
          <property name="Exif/Software" value="OnePlus3-user 6.0.1 MMB29M 26 dev-keys"/>
          <property name="File/ImageHeight" value="4640"/>
          <property name="File/ImageWidth" value="2610"/>
          <property name="System/FileModifyDate" value="2016:12:02 19:47:57"/>
          <property name="System/FileSize" value="2387862"/>
        </meta>
      </photo>
    </camera>
    <camera camera_id="73">
      <photo path="../../../../../githubProjects/ethopianHead/IMG_20161202_154723.jpg">
        <meta>
          <property name="Exif/ApertureValue" value="2"/>
          <property name="Exif/DateTime" value="2016:12:02 15:47:23"/>
          <property name="Exif/DateTimeOriginal" value="2016:12:02 15:47:23"/>
          <property name="Exif/ExposureTime" value="0.0588235294117647"/>
          <property name="Exif/FNumber" value="2"/>
          <property name="Exif/FocalLength" value="4.26"/>
          <property name="Exif/FocalLengthIn35mmFilm" value="25"/>
          <property name="Exif/ISOSpeedRatings" value="1000"/>
          <property name="Exif/Make" value="OnePlus"/>
          <property name="Exif/Model" value="ONEPLUS A3003"/>
          <property name="Exif/ShutterSpeedValue" value="4.058"/>
          <property name="Exif/Software" value="OnePlus3-user 6.0.1 MMB29M 26 dev-keys"/>
          <property name="File/ImageHeight" value="4640"/>
          <property name="File/ImageWidth" value="2610"/>
          <property name="System/FileModifyDate" value="2016:12:02 19:47:56"/>
          <property name="System/FileSize" value="2319886"/>
        </meta>
      </photo>
    </camera>
    <camera camera_id="74">
      <photo path="../../../../../githubProjects/ethopianHead/IMG_20161202_154725.jpg">
        <meta>
          <property name="Exif/ApertureValue" value="2"/>
          <property name="Exif/DateTime" value="2016:12:02 15:47:24"/>
          <property name="Exif/DateTimeOriginal" value="2016:12:02 15:47:24"/>
          <property name="Exif/ExposureTime" value="0.0588235294117647"/>
          <property name="Exif/FNumber" value="2"/>
          <property name="Exif/FocalLength" value="4.26"/>
          <property name="Exif/FocalLengthIn35mmFilm" value="25"/>
          <property name="Exif/ISOSpeedRatings" value="1000"/>
          <property name="Exif/Make" value="OnePlus"/>
          <property name="Exif/Model" value="ONEPLUS A3003"/>
          <property name="Exif/ShutterSpeedValue" value="4.058"/>
          <property name="Exif/Software" value="OnePlus3-user 6.0.1 MMB29M 26 dev-keys"/>
          <property name="File/ImageHeight" value="4640"/>
          <property name="File/ImageWidth" value="2610"/>
          <property name="System/FileModifyDate" value="2016:12:02 19:47:54"/>
          <property name="System/FileSize" value="2249064"/>
        </meta>
      </photo>
    </camera>
    <camera camera_id="75">
      <photo path="../../../../../githubProjects/ethopianHead/IMG_20161202_154727.jpg">
        <meta>
          <property name="Exif/ApertureValue" value="2"/>
          <property name="Exif/DateTime" value="2016:12:02 15:47:26"/>
          <property name="Exif/DateTimeOriginal" value="2016:12:02 15:47:26"/>
          <property name="Exif/ExposureTime" value="0.0588235294117647"/>
          <property name="Exif/FNumber" value="2"/>
          <property name="Exif/FocalLength" value="4.26"/>
          <property name="Exif/FocalLengthIn35mmFilm" value="25"/>
          <property name="Exif/ISOSpeedRatings" value="800"/>
          <property name="Exif/Make" value="OnePlus"/>
          <property name="Exif/Model" value="ONEPLUS A3003"/>
          <property name="Exif/ShutterSpeedValue" value="4.058"/>
          <property name="Exif/Software" value="OnePlus3-user 6.0.1 MMB29M 26 dev-keys"/>
          <property name="File/ImageHeight" value="4640"/>
          <property name="File/ImageWidth" value="2610"/>
          <property name="System/FileModifyDate" value="2016:12:02 19:47:49"/>
          <property name="System/FileSize" value="1892468"/>
        </meta>
      </photo>
    </camera>
    <camera camera_id="76">
      <photo path="../../../../../githubProjects/ethopianHead/IMG_20161202_154728.jpg">
        <meta>
          <property name="Exif/ApertureValue" value="2"/>
          <property name="Exif/DateTime" value="2016:12:02 15:47:28"/>
          <property name="Exif/DateTimeOriginal" value="2016:12:02 15:47:28"/>
          <property name="Exif/ExposureTime" value="0.0588235294117647"/>
          <property name="Exif/FNumber" value="2"/>
          <property name="Exif/FocalLength" value="4.26"/>
          <property name="Exif/FocalLengthIn35mmFilm" value="25"/>
          <property name="Exif/ISOSpeedRatings" value="800"/>
          <property name="Exif/Make" value="OnePlus"/>
          <property name="Exif/Model" value="ONEPLUS A3003"/>
          <property name="Exif/ShutterSpeedValue" value="4.058"/>
          <property name="Exif/Software" value="OnePlus3-user 6.0.1 MMB29M 26 dev-keys"/>
          <property name="File/ImageHeight" value="4640"/>
          <property name="File/ImageWidth" value="2610"/>
          <property name="System/FileModifyDate" value="2016:12:02 19:47:50"/>
          <property name="System/FileSize" value="2037162"/>
        </meta>
      </photo>
    </camera>
    <camera camera_id="77">
      <photo path="../../../../../githubProjects/ethopianHead/IMG_20161202_154731.jpg">
        <meta>
          <property name="Exif/ApertureValue" value="2"/>
          <property name="Exif/DateTime" value="2016:12:02 15:47:31"/>
          <property name="Exif/DateTimeOriginal" value="2016:12:02 15:47:31"/>
          <property name="Exif/ExposureTime" value="0.0588235294117647"/>
          <property name="Exif/FNumber" value="2"/>
          <property name="Exif/FocalLength" value="4.26"/>
          <property name="Exif/FocalLengthIn35mmFilm" value="25"/>
          <property name="Exif/ISOSpeedRatings" value="800"/>
          <property name="Exif/Make" value="OnePlus"/>
          <property name="Exif/Model" value="ONEPLUS A3003"/>
          <property name="Exif/ShutterSpeedValue" value="4.058"/>
          <property name="Exif/Software" value="OnePlus3-user 6.0.1 MMB29M 26 dev-keys"/>
          <property name="File/ImageHeight" value="4640"/>
          <property name="File/ImageWidth" value="2610"/>
          <property name="System/FileModifyDate" value="2016:12:02 19:47:52"/>
          <property name="System/FileSize" value="2400100"/>
        </meta>
      </photo>
    </camera>
    <camera camera_id="78">
      <photo path="../../../../../githubProjects/ethopianHead/IMG_20161202_154734.jpg">
        <meta>
          <property name="Exif/ApertureValue" value="2"/>
          <property name="Exif/DateTime" value="2016:12:02 15:47:34"/>
          <property name="Exif/DateTimeOriginal" value="2016:12:02 15:47:34"/>
          <property name="Exif/ExposureTime" value="0.0588235294117647"/>
          <property name="Exif/FNumber" value="2"/>
          <property name="Exif/FocalLength" value="4.26"/>
          <property name="Exif/FocalLengthIn35mmFilm" value="25"/>
          <property name="Exif/ISOSpeedRatings" value="800"/>
          <property name="Exif/Make" value="OnePlus"/>
          <property name="Exif/Model" value="ONEPLUS A3003"/>
          <property name="Exif/ShutterSpeedValue" value="4.058"/>
          <property name="Exif/Software" value="OnePlus3-user 6.0.1 MMB29M 26 dev-keys"/>
          <property name="File/ImageHeight" value="4640"/>
          <property name="File/ImageWidth" value="2610"/>
          <property name="System/FileModifyDate" value="2016:12:02 19:47:41"/>
          <property name="System/FileSize" value="2157922"/>
        </meta>
      </photo>
    </camera>
    <camera camera_id="79">
      <photo path="../../../../../githubProjects/ethopianHead/IMG_20161202_154736.jpg">
        <meta>
          <property name="Exif/ApertureValue" value="2"/>
          <property name="Exif/DateTime" value="2016:12:02 15:47:36"/>
          <property name="Exif/DateTimeOriginal" value="2016:12:02 15:47:36"/>
          <property name="Exif/ExposureTime" value="0.0588235294117647"/>
          <property name="Exif/FNumber" value="2"/>
          <property name="Exif/FocalLength" value="4.26"/>
          <property name="Exif/FocalLengthIn35mmFilm" value="25"/>
          <property name="Exif/ISOSpeedRatings" value="800"/>
          <property name="Exif/Make" value="OnePlus"/>
          <property name="Exif/Model" value="ONEPLUS A3003"/>
          <property name="Exif/ShutterSpeedValue" value="4.058"/>
          <property name="Exif/Software" value="OnePlus3-user 6.0.1 MMB29M 26 dev-keys"/>
          <property name="File/ImageHeight" value="4640"/>
          <property name="File/ImageWidth" value="2610"/>
          <property name="System/FileModifyDate" value="2016:12:02 19:47:42"/>
          <property name="System/FileSize" value="2173257"/>
        </meta>
      </photo>
    </camera>
    <camera camera_id="80">
      <photo path="../../../../../githubProjects/ethopianHead/IMG_20161202_154739.jpg">
        <meta>
          <property name="Exif/ApertureValue" value="2"/>
          <property name="Exif/DateTime" value="2016:12:02 15:47:39"/>
          <property name="Exif/DateTimeOriginal" value="2016:12:02 15:47:39"/>
          <property name="Exif/ExposureTime" value="0.0588235294117647"/>
          <property name="Exif/FNumber" value="2"/>
          <property name="Exif/FocalLength" value="4.26"/>
          <property name="Exif/FocalLengthIn35mmFilm" value="25"/>
          <property name="Exif/ISOSpeedRatings" value="1250"/>
          <property name="Exif/Make" value="OnePlus"/>
          <property name="Exif/Model" value="ONEPLUS A3003"/>
          <property name="Exif/ShutterSpeedValue" value="4.058"/>
          <property name="Exif/Software" value="OnePlus3-user 6.0.1 MMB29M 26 dev-keys"/>
          <property name="File/ImageHeight" value="4640"/>
          <property name="File/ImageWidth" value="2610"/>
          <property name="System/FileModifyDate" value="2016:12:02 19:47:44"/>
          <property name="System/FileSize" value="2467170"/>
        </meta>
      </photo>
    </camera>
    <camera camera_id="81">
      <photo path="../../../../../githubProjects/ethopianHead/IMG_20161202_154741.jpg">
        <meta>
          <property name="Exif/ApertureValue" value="2"/>
          <property name="Exif/DateTime" value="2016:12:02 15:47:41"/>
          <property name="Exif/DateTimeOriginal" value="2016:12:02 15:47:41"/>
          <property name="Exif/ExposureTime" value="0.0588235294117647"/>
          <property name="Exif/FNumber" value="2"/>
          <property name="Exif/FocalLength" value="4.26"/>
          <property name="Exif/FocalLengthIn35mmFilm" value="25"/>
          <property name="Exif/ISOSpeedRatings" value="1250"/>
          <property name="Exif/Make" value="OnePlus"/>
          <property name="Exif/Model" value="ONEPLUS A3003"/>
          <property name="Exif/ShutterSpeedValue" value="4.058"/>
          <property name="Exif/Software" value="OnePlus3-user 6.0.1 MMB29M 26 dev-keys"/>
          <property name="File/ImageHeight" value="4640"/>
          <property name="File/ImageWidth" value="2610"/>
          <property name="System/FileModifyDate" value="2016:12:02 19:47:39"/>
          <property name="System/FileSize" value="2407149"/>
        </meta>
      </photo>
    </camera>
    <camera camera_id="82">
      <photo path="../../../../../githubProjects/ethopianHead/IMG_20161202_154743.jpg">
        <meta>
          <property name="Exif/ApertureValue" value="2"/>
          <property name="Exif/DateTime" value="2016:12:02 15:47:42"/>
          <property name="Exif/DateTimeOriginal" value="2016:12:02 15:47:42"/>
          <property name="Exif/ExposureTime" value="0.0588235294117647"/>
          <property name="Exif/FNumber" value="2"/>
          <property name="Exif/FocalLength" value="4.26"/>
          <property name="Exif/FocalLengthIn35mmFilm" value="25"/>
          <property name="Exif/ISOSpeedRatings" value="1000"/>
          <property name="Exif/Make" value="OnePlus"/>
          <property name="Exif/Model" value="ONEPLUS A3003"/>
          <property name="Exif/ShutterSpeedValue" value="4.058"/>
          <property name="Exif/Software" value="OnePlus3-user 6.0.1 MMB29M 26 dev-keys"/>
          <property name="File/ImageHeight" value="4640"/>
          <property name="File/ImageWidth" value="2610"/>
          <property name="System/FileModifyDate" value="2016:12:02 19:47:46"/>
          <property name="System/FileSize" value="2460559"/>
        </meta>
      </photo>
    </camera>
    <camera camera_id="83">
      <photo path="../../../../../githubProjects/ethopianHead/IMG_20161202_154744.jpg">
        <meta>
          <property name="Exif/ApertureValue" value="2"/>
          <property name="Exif/DateTime" value="2016:12:02 15:47:44"/>
          <property name="Exif/DateTimeOriginal" value="2016:12:02 15:47:44"/>
          <property name="Exif/ExposureTime" value="0.0588235294117647"/>
          <property name="Exif/FNumber" value="2"/>
          <property name="Exif/FocalLength" value="4.26"/>
          <property name="Exif/FocalLengthIn35mmFilm" value="25"/>
          <property name="Exif/ISOSpeedRatings" value="1000"/>
          <property name="Exif/Make" value="OnePlus"/>
          <property name="Exif/Model" value="ONEPLUS A3003"/>
          <property name="Exif/ShutterSpeedValue" value="4.058"/>
          <property name="Exif/Software" value="OnePlus3-user 6.0.1 MMB29M 26 dev-keys"/>
          <property name="File/ImageHeight" value="4640"/>
          <property name="File/ImageWidth" value="2610"/>
          <property name="System/FileModifyDate" value="2016:12:02 19:47:47"/>
          <property name="System/FileSize" value="2062530"/>
        </meta>
      </photo>
    </camera>
    <camera camera_id="84">
      <photo path="../../../../../githubProjects/ethopianHead/IMG_20161202_154746.jpg">
        <meta>
          <property name="Exif/ApertureValue" value="2"/>
          <property name="Exif/DateTime" value="2016:12:02 15:47:46"/>
          <property name="Exif/DateTimeOriginal" value="2016:12:02 15:47:46"/>
          <property name="Exif/ExposureTime" value="0.0588235294117647"/>
          <property name="Exif/FNumber" value="2"/>
          <property name="Exif/FocalLength" value="4.26"/>
          <property name="Exif/FocalLengthIn35mmFilm" value="25"/>
          <property name="Exif/ISOSpeedRatings" value="1250"/>
          <property name="Exif/Make" value="OnePlus"/>
          <property name="Exif/Model" value="ONEPLUS A3003"/>
          <property name="Exif/ShutterSpeedValue" value="4.058"/>
          <property name="Exif/Software" value="OnePlus3-user 6.0.1 MMB29M 26 dev-keys"/>
          <property name="File/ImageHeight" value="4640"/>
          <property name="File/ImageWidth" value="2610"/>
          <property name="System/FileModifyDate" value="2016:12:02 19:47:34"/>
          <property name="System/FileSize" value="2458113"/>
        </meta>
      </photo>
    </camera>
    <camera camera_id="85">
      <photo path="../../../../../githubProjects/ethopianHead/IMG_20161202_154747.jpg">
        <meta>
          <property name="Exif/ApertureValue" value="2"/>
          <property name="Exif/DateTime" value="2016:12:02 15:47:47"/>
          <property name="Exif/DateTimeOriginal" value="2016:12:02 15:47:47"/>
          <property name="Exif/ExposureTime" value="0.0588235294117647"/>
          <property name="Exif/FNumber" value="2"/>
          <property name="Exif/FocalLength" value="4.26"/>
          <property name="Exif/FocalLengthIn35mmFilm" value="25"/>
          <property name="Exif/ISOSpeedRatings" value="1250"/>
          <property name="Exif/Make" value="OnePlus"/>
          <property name="Exif/Model" value="ONEPLUS A3003"/>
          <property name="Exif/ShutterSpeedValue" value="4.058"/>
          <property name="Exif/Software" value="OnePlus3-user 6.0.1 MMB29M 26 dev-keys"/>
          <property name="File/ImageHeight" value="4640"/>
          <property name="File/ImageWidth" value="2610"/>
          <property name="System/FileModifyDate" value="2016:12:02 19:47:35"/>
          <property name="System/FileSize" value="2251353"/>
        </meta>
      </photo>
    </camera>
    <camera camera_id="86">
      <photo path="../../../../../githubProjects/ethopianHead/IMG_20161202_154748.jpg">
        <meta>
          <property name="Exif/ApertureValue" value="2"/>
          <property name="Exif/DateTime" value="2016:12:02 15:47:48"/>
          <property name="Exif/DateTimeOriginal" value="2016:12:02 15:47:48"/>
          <property name="Exif/ExposureTime" value="0.0588235294117647"/>
          <property name="Exif/FNumber" value="2"/>
          <property name="Exif/FocalLength" value="4.26"/>
          <property name="Exif/FocalLengthIn35mmFilm" value="25"/>
          <property name="Exif/ISOSpeedRatings" value="1250"/>
          <property name="Exif/Make" value="OnePlus"/>
          <property name="Exif/Model" value="ONEPLUS A3003"/>
          <property name="Exif/ShutterSpeedValue" value="4.058"/>
          <property name="Exif/Software" value="OnePlus3-user 6.0.1 MMB29M 26 dev-keys"/>
          <property name="File/ImageHeight" value="4640"/>
          <property name="File/ImageWidth" value="2610"/>
          <property name="System/FileModifyDate" value="2016:12:02 19:47:37"/>
          <property name="System/FileSize" value="2232361"/>
        </meta>
      </photo>
    </camera>
    <camera camera_id="87">
      <photo path="../../../../../githubProjects/ethopianHead/IMG_20161202_154750.jpg">
        <meta>
          <property name="Exif/ApertureValue" value="2"/>
          <property name="Exif/DateTime" value="2016:12:02 15:47:50"/>
          <property name="Exif/DateTimeOriginal" value="2016:12:02 15:47:50"/>
          <property name="Exif/ExposureTime" value="0.0588235294117647"/>
          <property name="Exif/FNumber" value="2"/>
          <property name="Exif/FocalLength" value="4.26"/>
          <property name="Exif/FocalLengthIn35mmFilm" value="25"/>
          <property name="Exif/ISOSpeedRatings" value="1250"/>
          <property name="Exif/Make" value="OnePlus"/>
          <property name="Exif/Model" value="ONEPLUS A3003"/>
          <property name="Exif/ShutterSpeedValue" value="4.058"/>
          <property name="Exif/Software" value="OnePlus3-user 6.0.1 MMB29M 26 dev-keys"/>
          <property name="File/ImageHeight" value="4640"/>
          <property name="File/ImageWidth" value="2610"/>
          <property name="System/FileModifyDate" value="2016:12:02 19:47:30"/>
          <property name="System/FileSize" value="2194570"/>
        </meta>
      </photo>
    </camera>
    <camera camera_id="88">
      <photo path="../../../../../githubProjects/ethopianHead/IMG_20161202_154751.jpg">
        <meta>
          <property name="Exif/ApertureValue" value="2"/>
          <property name="Exif/DateTime" value="2016:12:02 15:47:51"/>
          <property name="Exif/DateTimeOriginal" value="2016:12:02 15:47:51"/>
          <property name="Exif/ExposureTime" value="0.0588235294117647"/>
          <property name="Exif/FNumber" value="2"/>
          <property name="Exif/FocalLength" value="4.26"/>
          <property name="Exif/FocalLengthIn35mmFilm" value="25"/>
          <property name="Exif/ISOSpeedRatings" value="1250"/>
          <property name="Exif/Make" value="OnePlus"/>
          <property name="Exif/Model" value="ONEPLUS A3003"/>
          <property name="Exif/ShutterSpeedValue" value="4.058"/>
          <property name="Exif/Software" value="OnePlus3-user 6.0.1 MMB29M 26 dev-keys"/>
          <property name="File/ImageHeight" value="4640"/>
          <property name="File/ImageWidth" value="2610"/>
          <property name="System/FileModifyDate" value="2016:12:02 19:47:32"/>
          <property name="System/FileSize" value="2197965"/>
        </meta>
      </photo>
    </camera>
    <camera camera_id="89">
      <photo path="../../../../../githubProjects/ethopianHead/IMG_20161202_154754.jpg">
        <meta>
          <property name="Exif/ApertureValue" value="2"/>
          <property name="Exif/DateTime" value="2016:12:02 15:47:54"/>
          <property name="Exif/DateTimeOriginal" value="2016:12:02 15:47:54"/>
          <property name="Exif/ExposureTime" value="0.0588235294117647"/>
          <property name="Exif/FNumber" value="2"/>
          <property name="Exif/FocalLength" value="4.26"/>
          <property name="Exif/FocalLengthIn35mmFilm" value="25"/>
          <property name="Exif/ISOSpeedRatings" value="800"/>
          <property name="Exif/Make" value="OnePlus"/>
          <property name="Exif/Model" value="ONEPLUS A3003"/>
          <property name="Exif/ShutterSpeedValue" value="4.058"/>
          <property name="Exif/Software" value="OnePlus3-user 6.0.1 MMB29M 26 dev-keys"/>
          <property name="File/ImageHeight" value="4640"/>
          <property name="File/ImageWidth" value="2610"/>
          <property name="System/FileModifyDate" value="2016:12:02 19:47:29"/>
          <property name="System/FileSize" value="2581577"/>
        </meta>
      </photo>
    </camera>
    <camera camera_id="90">
      <photo path="../../../../../githubProjects/ethopianHead/IMG_20161202_154756.jpg">
        <meta>
          <property name="Exif/ApertureValue" value="2"/>
          <property name="Exif/DateTime" value="2016:12:02 15:47:56"/>
          <property name="Exif/DateTimeOriginal" value="2016:12:02 15:47:56"/>
          <property name="Exif/ExposureTime" value="0.0588235294117647"/>
          <property name="Exif/FNumber" value="2"/>
          <property name="Exif/FocalLength" value="4.26"/>
          <property name="Exif/FocalLengthIn35mmFilm" value="25"/>
          <property name="Exif/ISOSpeedRatings" value="640"/>
          <property name="Exif/Make" value="OnePlus"/>
          <property name="Exif/Model" value="ONEPLUS A3003"/>
          <property name="Exif/ShutterSpeedValue" value="4.058"/>
          <property name="Exif/Software" value="OnePlus3-user 6.0.1 MMB29M 26 dev-keys"/>
          <property name="File/ImageHeight" value="4640"/>
          <property name="File/ImageWidth" value="2610"/>
          <property name="System/FileModifyDate" value="2016:12:02 19:47:23"/>
          <property name="System/FileSize" value="2352915"/>
        </meta>
      </photo>
    </camera>
    <camera camera_id="91">
      <photo path="../../../../../githubProjects/ethopianHead/IMG_20161202_154759.jpg">
        <meta>
          <property name="Exif/ApertureValue" value="2"/>
          <property name="Exif/DateTime" value="2016:12:02 15:47:59"/>
          <property name="Exif/DateTimeOriginal" value="2016:12:02 15:47:59"/>
          <property name="Exif/ExposureTime" value="0.05"/>
          <property name="Exif/FNumber" value="2"/>
          <property name="Exif/FocalLength" value="4.26"/>
          <property name="Exif/FocalLengthIn35mmFilm" value="25"/>
          <property name="Exif/ISOSpeedRatings" value="500"/>
          <property name="Exif/Make" value="OnePlus"/>
          <property name="Exif/Model" value="ONEPLUS A3003"/>
          <property name="Exif/ShutterSpeedValue" value="4.321"/>
          <property name="Exif/Software" value="OnePlus3-user 6.0.1 MMB29M 26 dev-keys"/>
          <property name="File/ImageHeight" value="4640"/>
          <property name="File/ImageWidth" value="2610"/>
          <property name="System/FileModifyDate" value="2016:12:02 19:47:25"/>
          <property name="System/FileSize" value="2313488"/>
        </meta>
      </photo>
    </camera>
    <camera camera_id="92">
      <photo path="../../../../../githubProjects/ethopianHead/IMG_20161202_154803.jpg">
        <meta>
          <property name="Exif/ApertureValue" value="2"/>
          <property name="Exif/DateTime" value="2016:12:02 15:48:03"/>
          <property name="Exif/DateTimeOriginal" value="2016:12:02 15:48:03"/>
          <property name="Exif/ExposureTime" value="0.0588235294117647"/>
          <property name="Exif/FNumber" value="2"/>
          <property name="Exif/FocalLength" value="4.26"/>
          <property name="Exif/FocalLengthIn35mmFilm" value="25"/>
          <property name="Exif/ISOSpeedRatings" value="800"/>
          <property name="Exif/Make" value="OnePlus"/>
          <property name="Exif/Model" value="ONEPLUS A3003"/>
          <property name="Exif/ShutterSpeedValue" value="4.058"/>
          <property name="Exif/Software" value="OnePlus3-user 6.0.1 MMB29M 26 dev-keys"/>
          <property name="File/ImageHeight" value="4640"/>
          <property name="File/ImageWidth" value="2610"/>
          <property name="System/FileModifyDate" value="2016:12:02 19:47:27"/>
          <property name="System/FileSize" value="2298400"/>
        </meta>
      </photo>
    </camera>
    <camera camera_id="93">
      <photo path="../../../../../githubProjects/ethopianHead/IMG_20161202_154805.jpg">
        <meta>
          <property name="Exif/ApertureValue" value="2"/>
          <property name="Exif/DateTime" value="2016:12:02 15:48:05"/>
          <property name="Exif/DateTimeOriginal" value="2016:12:02 15:48:05"/>
          <property name="Exif/ExposureTime" value="0.0588235294117647"/>
          <property name="Exif/FNumber" value="2"/>
          <property name="Exif/FocalLength" value="4.26"/>
          <property name="Exif/FocalLengthIn35mmFilm" value="25"/>
          <property name="Exif/ISOSpeedRatings" value="640"/>
          <property name="Exif/Make" value="OnePlus"/>
          <property name="Exif/Model" value="ONEPLUS A3003"/>
          <property name="Exif/ShutterSpeedValue" value="4.058"/>
          <property name="Exif/Software" value="OnePlus3-user 6.0.1 MMB29M 26 dev-keys"/>
          <property name="File/ImageHeight" value="4640"/>
          <property name="File/ImageWidth" value="2610"/>
          <property name="System/FileModifyDate" value="2016:12:02 19:47:20"/>
          <property name="System/FileSize" value="2494826"/>
        </meta>
      </photo>
    </camera>
    <camera camera_id="94">
      <photo path="../../../../../githubProjects/ethopianHead/IMG_20161202_154807.jpg">
        <meta>
          <property name="Exif/ApertureValue" value="2"/>
          <property name="Exif/DateTime" value="2016:12:02 15:48:07"/>
          <property name="Exif/DateTimeOriginal" value="2016:12:02 15:48:07"/>
          <property name="Exif/ExposureTime" value="0.0588235294117647"/>
          <property name="Exif/FNumber" value="2"/>
          <property name="Exif/FocalLength" value="4.26"/>
          <property name="Exif/FocalLengthIn35mmFilm" value="25"/>
          <property name="Exif/ISOSpeedRatings" value="640"/>
          <property name="Exif/Make" value="OnePlus"/>
          <property name="Exif/Model" value="ONEPLUS A3003"/>
          <property name="Exif/ShutterSpeedValue" value="4.058"/>
          <property name="Exif/Software" value="OnePlus3-user 6.0.1 MMB29M 26 dev-keys"/>
          <property name="File/ImageHeight" value="4640"/>
          <property name="File/ImageWidth" value="2610"/>
          <property name="System/FileModifyDate" value="2016:12:02 19:47:17"/>
          <property name="System/FileSize" value="2648890"/>
        </meta>
      </photo>
    </camera>
    <camera camera_id="95">
      <photo path="../../../../../githubProjects/ethopianHead/IMG_20161202_154808.jpg">
        <meta>
          <property name="Exif/ApertureValue" value="2"/>
          <property name="Exif/DateTime" value="2016:12:02 15:48:08"/>
          <property name="Exif/DateTimeOriginal" value="2016:12:02 15:48:08"/>
          <property name="Exif/ExposureTime" value="0.0588235294117647"/>
          <property name="Exif/FNumber" value="2"/>
          <property name="Exif/FocalLength" value="4.26"/>
          <property name="Exif/FocalLengthIn35mmFilm" value="25"/>
          <property name="Exif/ISOSpeedRatings" value="640"/>
          <property name="Exif/Make" value="OnePlus"/>
          <property name="Exif/Model" value="ONEPLUS A3003"/>
          <property name="Exif/ShutterSpeedValue" value="4.058"/>
          <property name="Exif/Software" value="OnePlus3-user 6.0.1 MMB29M 26 dev-keys"/>
          <property name="File/ImageHeight" value="4640"/>
          <property name="File/ImageWidth" value="2610"/>
          <property name="System/FileModifyDate" value="2016:12:02 19:47:14"/>
          <property name="System/FileSize" value="2460968"/>
        </meta>
      </photo>
    </camera>
    <camera camera_id="96">
      <photo path="../../../../../githubProjects/ethopianHead/IMG_20161202_154809.jpg">
        <meta>
          <property name="Exif/ApertureValue" value="2"/>
          <property name="Exif/DateTime" value="2016:12:02 15:48:09"/>
          <property name="Exif/DateTimeOriginal" value="2016:12:02 15:48:09"/>
          <property name="Exif/ExposureTime" value="0.0588235294117647"/>
          <property name="Exif/FNumber" value="2"/>
          <property name="Exif/FocalLength" value="4.26"/>
          <property name="Exif/FocalLengthIn35mmFilm" value="25"/>
          <property name="Exif/ISOSpeedRatings" value="640"/>
          <property name="Exif/Make" value="OnePlus"/>
          <property name="Exif/Model" value="ONEPLUS A3003"/>
          <property name="Exif/ShutterSpeedValue" value="4.058"/>
          <property name="Exif/Software" value="OnePlus3-user 6.0.1 MMB29M 26 dev-keys"/>
          <property name="File/ImageHeight" value="4640"/>
          <property name="File/ImageWidth" value="2610"/>
          <property name="System/FileModifyDate" value="2016:12:02 19:47:11"/>
          <property name="System/FileSize" value="2600750"/>
        </meta>
      </photo>
    </camera>
    <camera camera_id="97">
      <photo path="../../../../../githubProjects/ethopianHead/IMG_20161202_154811.jpg">
        <meta>
          <property name="Exif/ApertureValue" value="2"/>
          <property name="Exif/DateTime" value="2016:12:02 15:48:11"/>
          <property name="Exif/DateTimeOriginal" value="2016:12:02 15:48:11"/>
          <property name="Exif/ExposureTime" value="0.0588235294117647"/>
          <property name="Exif/FNumber" value="2"/>
          <property name="Exif/FocalLength" value="4.26"/>
          <property name="Exif/FocalLengthIn35mmFilm" value="25"/>
          <property name="Exif/ISOSpeedRatings" value="800"/>
          <property name="Exif/Make" value="OnePlus"/>
          <property name="Exif/Model" value="ONEPLUS A3003"/>
          <property name="Exif/ShutterSpeedValue" value="4.058"/>
          <property name="Exif/Software" value="OnePlus3-user 6.0.1 MMB29M 26 dev-keys"/>
          <property name="File/ImageHeight" value="4640"/>
          <property name="File/ImageWidth" value="2610"/>
          <property name="System/FileModifyDate" value="2016:12:02 19:47:13"/>
          <property name="System/FileSize" value="2732057"/>
        </meta>
      </photo>
    </camera>
  </cameras>
  <thumbnails path="thumbnails/thumbnails.zip"/>
  <point_cloud path="point_cloud/point_cloud.zip"/>
  <depth_maps path="depth_maps/depth_maps.zip"/>
  <dense_cloud path="dense_cloud/dense_cloud.zip"/>
</frame>
